,case_enquiry_id,open_dt,target_dt,closed_dt,ontime,case_status,closure_reason,case_title,subject,reason,type,queue,department,submittedphoto,closedphoto,location,fire_district,pwd_district,city_council_district,police_district,neighborhood,neighborhood_services_district,ward,precinct,location_street_name,location_zipcode,latitude,longitude,source
88,101003579621,2021-01-02 11:27:00,2021-01-07 08:30:00,2021-01-05 11:48:54,ONTIME,Closed,Case Closed. Closed date : 2021-01-05 11:48:54.817 Case Invalid No information provided ,Work Hours-Loud Noise Complaints,Public Works Department,Highway Maintenance,Work Hours-Loud Noise Complaints,ISD_Administrative,ISD,,,INTERSECTION of Old Colony Ave & Dorchester Ave  South Boston  MA  ,6,05,2,C6,South Boston / South Boston Waterfront,5,7,0705,INTERSECTION Old Colony Ave & Dorchester Ave,,42.3594,-71.0587,Constituent Call
504,101003583976,2021-01-08 00:59:00,2021-01-13 08:30:00,2021-01-08 06:48:07,ONTIME,Closed,Case Closed. Closed date : 2021-01-08 06:48:07.19 Case Resolved ESOURCE IS CURRENTLY WORKING ON A VALID EMERGENCY PERMIT TO RECONSTRUCT A MANHOLE WALL...BECAUSE OF THE CHALLENGING LOCATION THIS WORK WAS PERMITTED FOR NIGJTS...THE CITY APOLOGIZES FOR THIS NECESSARY INCONVENIENCE THANK YOU FOR USING BOS:311 SINCERELY RICH DIMARZO PWD/CIU  ,Work Hours-Loud Noise Complaints,Public Works Department,Highway Maintenance,Work Hours-Loud Noise Complaints,PWDx_Work Hours-Loud Noise Complaints,PWDx,,,135 Clarendon St  Boston  MA  02116,4,1C,2,D4,Boston,6,04,0402,135 Clarendon St,2116.0,42.3488,-71.074,Constituent Call
519,101003584088,2021-01-08 08:35:00,,,ONTIME,Open, ,Generic Noise Disturbance,Mayor's 24 Hour Hotline,Generic Noise Disturbance,Undefined Noise Disturbance,INFO01_GenericeFormforOtherServiceRequestTypes,INFO,,,INTERSECTION of Paul Gore St & Saint Peter St  Jamaica Plain  MA  ,9,02,6,E13,Jamaica Plain,11,19,1901,INTERSECTION Paul Gore St & Saint Peter St,,42.3594,-71.0587,Constituent Call
581,101003584743,2021-01-09 07:14:00,2021-01-14 08:30:00,2021-01-21 08:09:18,OVERDUE,Closed,Case Closed. Closed date : 2021-01-21 08:09:18.68 Case Invalid No information provided ,Work Hours-Loud Noise Complaints,Public Works Department,Highway Maintenance,Work Hours-Loud Noise Complaints,ISD_Administrative,ISD,,,10 Everett St  East Boston  MA  02128,1,09,1,A7,East Boston,1,Ward 1,0102,10 Everett St,2128.0,42.3687,-71.03699999999999,Constituent Call
679,101003585768,2021-01-11 05:28:00,,2021-02-26 12:08:14,ONTIME,Closed,Case Closed. Closed date : 2021-02-26 12:08:14.203 Case Resolved I did not have enough information to know the source of the noise.  I think that this complaint is associated with a previous complaint in that same area/same address and might be related to E3 building.  I already contacted the building management regarding that matter.  Lugardy Raymond  ,Dumpster & Loading Noise Disturbances,Neighborhood Services,Neighborhood Services Issues,Dumpster & Loading Noise Disturbances,INFO01_GenericeFormforOtherServiceRequestTypes,INFO,,,INTERSECTION of Redford St & Commonwealth Ave  Allston  MA  ,11,04,8,D14,Allston / Brighton,15,21,2108,INTERSECTION Redford St & Commonwealth Ave,,42.3594,-71.0587,Constituent Call
779,101003586688,2021-01-11 22:48:00,2021-01-15 08:30:00,2021-01-12 06:41:51,ONTIME,Closed,Case Closed. Closed date : 2021-01-12 06:41:51.747 Case Resolved ESOURCE submitted an EMERGENCY NOTIFICATION for an outage at 22 braddock pk...crews worked through the overnight to restore this service...the CITY APOLOGIZES for this NECESSARY INCONVENIENCE Thank you for USING BOS:311 SINCERELY Rich DIMARZO PWD/CIU  ,Work Hours-Loud Noise Complaints,Public Works Department,Highway Maintenance,Work Hours-Loud Noise Complaints,PWDx_Work Hours-Loud Noise Complaints,PWDx,,,22 Braddock Park  Boston  MA  02116,4,1C,2,D4,South End,6,Ward 4,0403,22 Braddock Park,2116.0,42.3442,-71.0789,Constituent Call
936,101003588629,2021-01-13 14:43:00,2021-01-19 14:43:25,2021-01-14 08:59:17,ONTIME,Closed,Case Closed. Closed date : 2021-01-14 08:59:17.75 Case Noted Dear Constituent     We have spoken to Verizon/Parkside about this issue they told us they will be completed by Monday the latest and are gonna try there hardest to complete tomorrow.    I will send my inspector by today and monitor the work zone till completion.    Sorry for any inconvenience this may have caused you.    Thank you for letting the city know.    Regards   Rich DiMarzo ,Work Hours-Loud Noise Complaints,Public Works Department,Highway Maintenance,Work Hours-Loud Noise Complaints,PWDx_Work Hours-Loud Noise Complaints,PWDx,,,11 Peterborough St  Boston  MA  02215,4,10A,8,D4,Fenway / Kenmore / Audubon Circle / Longwood,14,Ward 5,0502,11 Peterborough St,2215.0,42.3444,-71.0958,Constituent Call
1019,101003589718,2021-01-14 15:45:00,2021-01-20 15:45:45,,OVERDUE,Open, ,Work Hours-Loud Noise Complaints,Public Works Department,Highway Maintenance,Work Hours-Loud Noise Complaints,INFO_General Comments Complaints Compliments,INFO,,,1252 Boylston St  Boston  MA  02215,4,10A,8,D4,Fenway / Kenmore / Audubon Circle / Longwood,14,05,0502,1252 Boylston St,2215.0,42.3447,-71.096,Constituent Call
1235,101003592180,2021-01-18 09:08:00,,,ONTIME,Open, ,Automotive Noise Disturbance,Boston Police Department,Noise Disturbance,Automotive Noise Disturbance,INFO01_GenericeFormforOtherServiceRequestTypes,INFO,,,16 Henchman St  Boston  MA  02113,3,1B,1,A1,Downtown / Financial District,3,Ward 3,0302,16 Henchman St,2113.0,42.3673,-71.0538,Constituent Call
1293,101003592770,2021-01-18 19:49:00,,2021-01-19 08:57:43,ONTIME,Closed,Case Closed. Closed date : 2021-01-19 08:57:43.55 Case Resolved BPD has been made aware and will monitor the issue ,Automotive Noise Disturbance,Boston Police Department,Noise Disturbance,Automotive Noise Disturbance,INFO01_GenericeFormforOtherServiceRequestTypes,INFO,,,830 Truman Pkwy  Hyde Park  MA  02136,12,08,5,E18,Hyde Park,10,Ward 18,1818,830 Truman Pkwy,2136.0,42.2487,-71.1235,Constituent Call
1517,101003605370,2021-01-21 09:03:25,2021-01-21 09:03:25,2021-02-08 11:00:12,OVERDUE,Closed,Case Closed. Closed date : 2021-02-08 11:00:12.903 Case Invalid This case has been closed as there is not enough information to process this request.  If you feel this has been closed in error  please dial 311 to submit a new request. Sincerely  Boston 311 Team ,Automotive Noise Disturbance,Boston Police Department,Noise Disturbance,Automotive Noise Disturbance,INFO01_GenericeFormforOtherServiceRequestTypes,INFO,,,579 Poplar St  Hyde Park  MA  02136,12,08,5,E18,Roslindale,10,Ward 18,1812,579 Poplar St,2136.0,42.2707,-71.1323,Constituent Call
1764,101003608387,2021-01-25 05:37:00,,,ONTIME,Open, ,Automotive Noise Disturbance,Boston Police Department,Noise Disturbance,Automotive Noise Disturbance,INFO01_GenericeFormforOtherServiceRequestTypes,INFO,,,41 Wellington Hill St  Mattapan  MA  02126,8,07,4,B3,Greater Mattapan,9,Ward 14,1408,41 Wellington Hill St,2126.0,42.2806,-71.0947,Constituent Call
1841,101003609254,2021-01-25 21:59:00,2021-01-29 08:30:00,2021-01-26 07:42:18,ONTIME,Closed,Case Closed. Closed date : 2021-01-26 07:42:18.513 Case Noted Dear Constituent     This an Eversource emergency .    Eversource will work till completion.    Sorry for any inconvenience this may have caused you.    I will send my inspector by to monitor this work zone.    Regards   Rich DiMarzo ,Work Hours-Loud Noise Complaints,Public Works Department,Highway Maintenance,Work Hours-Loud Noise Complaints,PWDx_Work Hours-Loud Noise Complaints,PWDx,,,447 W Fourth St  South Boston  MA  02127,6,05,2,C6,South Boston,5,07,0704,447 W Fourth St,2127.0,42.3353,-71.0476,Constituent Call
1847,101003609310,2021-01-26 06:26:00,2021-01-29 08:30:00,2021-01-26 07:32:47,ONTIME,Closed,Case Closed. Closed date : 2021-01-26 07:32:47.997 Case Noted Dear Constituent     This is NGRID grade 1 gas leak.    NGRID will be working till completion.    Sorry for any inconvenience this may have caused you.    I will send my inspector by to monitor this location.    Regards   Rich DiMarzo ,Work Hours-Loud Noise Complaints,Public Works Department,Highway Maintenance,Work Hours-Loud Noise Complaints,PWDx_Work Hours-Loud Noise Complaints,PWDx,,,75 Charles St  Boston  MA  02114,3,1B,8,A1,Beacon Hill,14,05,0511,75 Charles St,2114.0,42.3583,-71.0703,Constituent Call
2275,101003614397,2021-02-01 09:49:00,2021-02-04 09:49:14,2021-02-03 19:56:32,ONTIME,Closed,Case Closed. Closed date : 2021-02-03 19:56:32.397 Duplicate of Existing Case work going on at 10 #3618377 ,Work Hours-Loud Noise Complaints,Public Works Department,Highway Maintenance,Work Hours-Loud Noise Complaints,ISD_Administrative,ISD,,,1258 Boylston St  Boston  MA  02215,4,10A,8,D4,Fenway / Kenmore / Audubon Circle / Longwood,14,Ward 5,0502,1258 Boylston St,2215.0,42.3448,-71.0958,Constituent Call
2666,101003619708,2021-02-05 02:26:33,,2021-02-08 11:00:48,ONTIME,Closed,Case Closed. Closed date : 2021-02-08 11:00:48.87 Case Invalid This case has been closed as there is not enough information to process this request.  If you feel this has been closed in error  please dial 311 to submit a new request. Sincerely  Boston 311 Team ,Generic Noise Disturbance,Mayor's 24 Hour Hotline,Generic Noise Disturbance,Undefined Noise Disturbance,INFO01_GenericeFormforOtherServiceRequestTypes,INFO,,,238 W Canton St  Boston  MA  02116,4,1C,2,D4,South End,6,Ward 4,0403,238 W Canton St,2116.0,42.3455,-71.0779,Constituent Call
2849,101003622068,2021-02-07 23:25:00,,,ONTIME,Open, ,Generic Noise Disturbance,Mayor's 24 Hour Hotline,Generic Noise Disturbance,Undefined Noise Disturbance,INFO01_GenericeFormforOtherServiceRequestTypes,INFO,,,26 Iffley Rd  Jamaica Plain  MA  02130,9,02,7,E13,Jamaica Plain,11,Ward 11,1105,26 Iffley Rd,2130.0,42.3128,-71.0998,Constituent Call
3114,101003625598,2021-02-10 23:13:13,,2021-02-12 11:32:52,ONTIME,Closed,Case Closed. Closed date : 2021-02-12 11:32:52.177 Case Invalid This case has been closed as there is not enough information to process this request.  If you feel this has been closed in error  please dial 311 to submit a new request. Sincerely  Boston 311 Team ,Generic Noise Disturbance,Mayor's 24 Hour Hotline,Generic Noise Disturbance,Undefined Noise Disturbance,INFO01_GenericeFormforOtherServiceRequestTypes,INFO,,,100 Fulton St  Boston  MA  02109,3,1B,1,A1,Downtown / Financial District,3,Ward 3,0301,100 Fulton St,2109.0,42.3628,-71.0529,Constituent Call
3344,101003628381,2021-02-14 00:41:00,,,ONTIME,Open, ,Automotive Noise Disturbance,Boston Police Department,Noise Disturbance,Automotive Noise Disturbance,INFO01_GenericeFormforOtherServiceRequestTypes,INFO,,,9 Gardner St  Allston  MA  02134, , ,0, ,Allston,0,21, ,9 Gardner St,2134.0,42.3534,-71.1316,Constituent Call
4240,101003649578,2021-02-25 13:34:00,,,ONTIME,Open, ,Automotive Noise Disturbance,Boston Police Department,Noise Disturbance,Automotive Noise Disturbance,INFO01_GenericeFormforOtherServiceRequestTypes,INFO,,,INTERSECTION of William Cardinal O'Connell Way & Blossom St  Boston  MA  ,3,1B,7,A1,Back Bay,3,3,0305,INTERSECTION William Cardinal O'Connell Way & Blossom St,,42.3594,-71.0587,Constituent Call
5131,101003660797,2021-03-09 03:28:00,2021-03-12 08:30:00,2021-03-09 07:41:07,ONTIME,Closed,Case Closed. Closed date : 2021-03-09 07:41:07.93 Case Noted Dear Constituent     This McCourt working for the MBTA we will address with both MBTA and McCourt about the loud noise while working.    Regards   Rich DiMarzo ,Work Hours-Loud Noise Complaints,Public Works Department,Highway Maintenance,Work Hours-Loud Noise Complaints,PWDx_Work Hours-Loud Noise Complaints,PWDx,,,INTERSECTION of Causeway St & Haverhill St  Boston  MA  ,3,1B,2,A1,Downtown / Financial District,3,3,0306,INTERSECTION Causeway St & Haverhill St,,42.3594,-71.0587,Constituent Call
5157,101003661092,2021-03-09 09:37:00,,,ONTIME,Open, ,Automotive Noise Disturbance,Boston Police Department,Noise Disturbance,Automotive Noise Disturbance,INFO01_GenericeFormforOtherServiceRequestTypes,INFO,,,INTERSECTION of Haverford St & Montebello Rd  Jamaica Plain  MA  ,9,02,6,E13,Jamaica Plain,11,11,1106,INTERSECTION Haverford St & Montebello Rd,,42.3594,-71.0587,Constituent Call
5332,101003663001,2021-03-10 14:52:00,,,ONTIME,Open, ,Generic Noise Disturbance,Mayor's 24 Hour Hotline,Generic Noise Disturbance,Undefined Noise Disturbance,INFO01_GenericeFormforOtherServiceRequestTypes,INFO,,,INTERSECTION of Clarendon St & Newbury St  Boston  MA  ,4,1C,7,D4,Back Bay,14,5,0507,INTERSECTION Clarendon St & Newbury St,,42.3594,-71.0587,Constituent Call
5877,101003579997,2021-01-03 01:43:00,2021-01-07 08:30:00,2021-01-04 08:01:16,ONTIME,Closed,Case Closed. Closed date : 2021-01-04 08:01:16.21 Case Noted Dear Constituent     This was an Eversource emergency .  This job should be completed .    I will send my inspector by and reach out to Eversource.    Sorry for any inconvenience this may have caused you.    Regards   Rich DiMarzo ,Work Hours-Loud Noise Complaints,Public Works Department,Highway Maintenance,Work Hours-Loud Noise Complaints,PWDx_Work Hours-Loud Noise Complaints,PWDx,,,668 Adams St  Dorchester  MA  02122,8,07,3,C11,Dorchester,7,Ward 16,1609,668 Adams St,2122.0,42.287,-71.0543,Constituent Call
6225,101003582019,2021-01-05 16:51:23,,2021-01-08 09:21:53,ONTIME,Closed,Case Closed. Closed date : 2021-01-08 09:21:53.437 Case Invalid This case has been closed as there is not enough information to process this request.  If you feel this has been closed in error  please dial 311 to submit a new request. Sincerely  Boston 311 Team ,Automotive Noise Disturbance,Boston Police Department,Noise Disturbance,Automotive Noise Disturbance,INFO01_GenericeFormforOtherServiceRequestTypes,INFO,,,INTERSECTION of Hardwick St & Dunboy St  Brighton  MA  ,11,04,8,D14,Allston / Brighton,15,22,2207,INTERSECTION Hardwick St & Dunboy St,,42.3594,-71.0587,Constituent Call
6485,101003584263,2021-01-08 11:32:00,2021-01-13 11:32:06,2021-01-21 08:11:55,OVERDUE,Closed,Case Closed. Closed date : 2021-01-21 08:11:55.673 Case Invalid No information provided ,Work Hours-Loud Noise Complaints,Public Works Department,Highway Maintenance,Work Hours-Loud Noise Complaints,ISD_Administrative,ISD,,,INTERSECTION of Cummins Hwy & Rockdale St  Mattapan  MA  ,8,08,5,B3,Greater Mattapan,9,18,1804,INTERSECTION Cummins Hwy & Rockdale St,,42.3594,-71.0587,Constituent Call
6573,101003680457,2021-03-18 06:04:00,,,ONTIME,Open, ,Generic Noise Disturbance,Mayor's 24 Hour Hotline,Generic Noise Disturbance,Undefined Noise Disturbance,INFO01_GenericeFormforOtherServiceRequestTypes,INFO,,,27 Thatcher St  Hyde Park  MA  02136,12,08,5,E18,Hyde Park,10,Ward 18,1814,27 Thatcher St,2136.0,42.2662,-71.1191,Constituent Call
7447,101003588955,2021-01-13 21:42:00,2021-01-20 08:30:00,2021-01-19 23:41:03,ONTIME,Closed,Case Closed. Closed date : 2021-01-19 23:41:03.907 Case Invalid No information provided ,Work Hours-Loud Noise Complaints,Public Works Department,Highway Maintenance,Work Hours-Loud Noise Complaints,ISD_Administrative,ISD,,,101 Canal St  Boston  MA  02114,3,1B,2,A1,Boston,3,03,0306,101 Canal St,2114.0,42.3647,-71.0599,Constituent Call
7549,101003686652,2021-03-24 06:52:00,2021-03-29 08:30:00,2021-03-24 09:33:54,ONTIME,Closed,Case Closed. Closed date : 2021-03-24 09:33:54.04 Case Noted Dear Constituent     Emergency sidewalk repair because of a safety issue to the public.    Sorry for any inconvenience this may have caused you.    Regards   Rich DiMarzo ,Work Hours-Loud Noise Complaints,Public Works Department,Highway Maintenance,Work Hours-Loud Noise Complaints,PWDx_Work Hours-Loud Noise Complaints,PWDx,,,720 Harrison Ave  Roxbury  MA  02118,4,1C,2,D4,South End,6,Ward 8,0802,720 Harrison Ave,2118.0,42.3377,-71.0709,Constituent Call
8461,101003605204,2021-01-20 21:31:00,,,ONTIME,Open, ,Automotive Noise Disturbance,Boston Police Department,Noise Disturbance,Automotive Noise Disturbance,INFO01_GenericeFormforOtherServiceRequestTypes,INFO,,,INTERSECTION of Florida St & Ashmont St  Dorchester  MA  ,8,07,3,C11,Dorchester,7,16,1608,INTERSECTION Florida St & Ashmont St,,42.3594,-71.0587,Constituent Call
9206,101003698721,2021-04-04 10:06:00,,,ONTIME,Open, ,Automotive Noise Disturbance,Boston Police Department,Noise Disturbance,Automotive Noise Disturbance,INFO01_GenericeFormforOtherServiceRequestTypes,INFO,,,59 Charles St  Boston  MA  02114,3,1B,8,A1,Beacon Hill,14,Ward 5,0511,59 Charles St,2114.0,42.3577,-71.0701,Constituent Call
9906,101003609588,2021-01-26 10:09:00,2021-01-29 10:09:22,2021-01-26 11:36:00,ONTIME,Closed,Case Closed. Closed date : 2021-01-26 11:36:00.46 Case Resolved NATIONAL GRID CONTINUES TO WORK ON REPAIRING THIS GRADE 1 GAS LEAK AT 73 CHARLES STREET...STATE AND LOCAL DPU MANDATES REQUIRE THEM TO WORK ON THIS CATEGORY LEAK AROUND THE CLOCK DAY OR NIGHT...THE CITY APOLOGIZES FOR THIS NECESSARY INCONVENIENCE THANK YOU FOR USING BOS:311 SINCERELY RICH DIMARZO PWD/CIU  ,Work Hours-Loud Noise Complaints,Public Works Department,Highway Maintenance,Work Hours-Loud Noise Complaints,PWDx_Work Hours-Loud Noise Complaints,PWDx,,,65 Charles St  Boston  MA  02114,3,1B,8,A1,Beacon Hill,14,Ward 5,0511,65 Charles St,2114.0,42.3581,-71.0702,Constituent Call
9956,101003704690,2021-04-09 06:11:00,,,ONTIME,Open, ,Automotive Noise Disturbance,Boston Police Department,Noise Disturbance,Automotive Noise Disturbance,INFO01_GenericeFormforOtherServiceRequestTypes,INFO,,,38 Chauncy St  Boston  MA  02111,3,1C,2,A1,Boston,4,03,0308,38 Chauncy St,2111.0,42.3538,-71.0598,Constituent Call
10980,101003615268,2021-02-01 23:36:00,,,ONTIME,Open, ,Automotive Noise Disturbance,Boston Police Department,Noise Disturbance,Automotive Noise Disturbance,INFO01_GenericeFormforOtherServiceRequestTypes,INFO,,,105 Sedgwick St  Jamaica Plain  MA  02130,9,02,6,E13,Jamaica Plain,11,Ward 19,1906,105 Sedgwick St,2130.0,42.3082,-71.1116,Constituent Call
11215,101003618355,2021-02-03 19:40:00,2021-02-09 08:30:00,2021-02-04 08:25:29,ONTIME,Closed,Case Closed. Closed date : 2021-02-04 08:25:29.263 Case Resolved ESOURCE WAS AND CONTINUES TO WORK ON A NETWORK FAULT ON MULTIPLE STREETS OF ENDICOTT....THE CITY APOLOGIZES FOR THIS NECESSARY INCONVENIENCE THANK YOU FOR USING BOS:311 SINCERELY RICH DIMARZO PWD/CIU  ,Work Hours-Loud Noise Complaints,Public Works Department,Highway Maintenance,Work Hours-Loud Noise Complaints,PWDx_Work Hours-Loud Noise Complaints,PWDx,,,INTERSECTION of La Fayette Ave & N Margin St  Boston  MA  ,3,1B,1,A1,Downtown / Financial District,3,3,0304,INTERSECTION La Fayette Ave & N Margin St,,42.3594,-71.0587,Constituent Call
11420,101003714285,2021-04-17 17:21:00,,,ONTIME,Open, ,Aircraft Noise Disturbance,Mayor's 24 Hour Hotline,Massport,Aircraft Noise Disturbance,INFO01_GenericeFormforOtherServiceRequestTypes,INFO,,,139 Tremont St  Boston  MA  02108,3,1C,8,A1,Boston,14,05,0503,139 Tremont St,2108.0,42.3554,-71.0638,Constituent Call
11481,101003715024,2021-04-19 01:11:00,2021-04-23 08:30:00,,ONTIME,Open, ,Work Hours-Loud Noise Complaints,Public Works Department,Highway Maintenance,Work Hours-Loud Noise Complaints,ISD_Administrative,ISD,,,INTERSECTION of Massachusetts Ave & Boylston St  Boston  MA  ,4,10A,7,D4,Back Bay,14,4,0406,INTERSECTION Massachusetts Ave & Boylston St,,42.3594,-71.0587,Constituent Call
11523,101003715588,2021-04-19 13:28:00,2021-04-23 08:30:00,,ONTIME,Open, ,Work Hours-Loud Noise Complaints,Public Works Department,Highway Maintenance,Work Hours-Loud Noise Complaints,PWDx_Work Hours-Loud Noise Complaints,PWDx,,,1101-1107 Boylston St  Boston  MA  02215,4,10A,8,D4,Fenway / Kenmore / Audubon Circle / Longwood,14,Ward 5,0510,1101-1107 Boylston St,2215.0,42.3471,-71.0898,Constituent Call
11700,101003716091,2021-04-19 23:41:00,2021-04-23 08:30:00,,ONTIME,Open, ,Work Hours-Loud Noise Complaints,Public Works Department,Highway Maintenance,Work Hours-Loud Noise Complaints,PWDx_Work Hours-Loud Noise Complaints,PWDx,,,386 Commonwealth Ave  Boston  MA  02215,4,10A,8,D4,Back Bay,14,Ward 5,0510,386 Commonwealth Ave,2215.0,42.3486,-71.0899,Constituent Call
12441,101003628869,2021-02-15 06:38:00,,2021-03-26 12:06:13,ONTIME,Closed,Case Closed. Closed date : 2021-03-26 12:06:13.043 Case Noted There's not much the APCC can do about this complaint.  This is a mixed residential/commercial zone.  If it was a commercial trash pickup  the city cannot regulate the hours of trash pickup and if it was a residential pickup  the APCC cannot do anything about that either.  PWD has changed the residential trash pickup to start at 6 am.  Lugardy Raymond   ,Dumpster & Loading Noise Disturbances,Neighborhood Services,Neighborhood Services Issues,Dumpster & Loading Noise Disturbances,INFO01_GenericeFormforOtherServiceRequestTypes,INFO,,,127 Endicott St  Boston  MA  02113,3,1B,1,A1,Downtown / Financial District,3,Ward 3,0304,127 Endicott St,2113.0,42.3647,-71.0572,Constituent Call
12745,101003642893,2021-02-19 02:41:00,,2021-02-19 10:16:32,ONTIME,Closed,Case Closed. Closed date : 2021-02-19 10:16:32.227 Case Noted ,Generic Noise Disturbance,Mayor's 24 Hour Hotline,Generic Noise Disturbance,Undefined Noise Disturbance,INFO01_GenericeFormforOtherServiceRequestTypes,INFO,,,285 Centre St  Jamaica Plain  MA  02130,9,10A,6,E13,Jamaica Plain,11,Ward 10,1007,285 Centre St,2130.0,42.3234,-71.1016,Constituent Call
13734,101003654228,2021-03-02 12:38:00,,,ONTIME,Open, ,Automotive Noise Disturbance,Boston Police Department,Noise Disturbance,Automotive Noise Disturbance,INFO01_GenericeFormforOtherServiceRequestTypes,INFO,,,606 Cambridge St  Allston  MA  02134,11,04,9,D14,Allston / Brighton,15,Ward 21,2106,606 Cambridge St,2134.0,42.3516,-71.1423,Constituent Call
13856,101003655750,2021-03-03 15:22:16,,2021-03-03 15:28:01,ONTIME,Closed,Case Closed. Closed date : 2021-03-03 15:28:01.123 Case Invalid This case has been closed as there is not enough information to process this request.  If you feel this has been closed in error  please dial 311 to submit a new request. Sincerely  Boston 311 Team ,Generic Noise Disturbance,Mayor's 24 Hour Hotline,Generic Noise Disturbance,Undefined Noise Disturbance,INFO01_GenericeFormforOtherServiceRequestTypes,INFO,,,INTERSECTION of Claremont Park & Claremont St  Roxbury  MA  ,4,1C,9,D4,Back Bay,6,4,0404,INTERSECTION Claremont Park & Claremont St,,42.3594,-71.0587,Constituent Call
15499,101003583045,2021-01-06 19:20:00,2021-01-12 08:30:00,2021-01-07 08:09:06,ONTIME,Closed,Case Closed. Closed date : 2021-01-07 08:09:06.7 Case Resolved WHILE PERFORMING A COMPLEX GRADE 1 LEAK REAPIR NATIONAL GRID DAMAGED A COMCAST FIBER CABLE...COMCAST SPENT MOST OF YESTERDAY AND LAST NIGHT MAKING THE REPAIRS TO RESTORE ESSENTIAL COMMUNICATION CABLES...THE CITY APOLOGIZES FOR THIS NECESSARY INCONVENIENCE THANK YOU FOR USING BOS : 311 SINCERELY RICH DIMARZO PWD / CIU  ,Work Hours-Loud Noise Complaints,Public Works Department,Highway Maintenance,Work Hours-Loud Noise Complaints,PWDx_Work Hours-Loud Noise Complaints,PWDx,,,INTERSECTION of Thacher St & Endicott St  Boston  MA  ,3,1B,1,A1,Downtown / Financial District,3,3,0304,INTERSECTION Thacher St & Endicott St,,42.3594,-71.0587,Constituent Call
15763,101003583982,2021-01-08 05:25:00,2021-01-13 08:30:00,2021-01-11 22:34:23,ONTIME,Closed,Case Closed. Closed date : 2021-01-11 22:34:23.74 Case Invalid No information provided ,Work Hours-Loud Noise Complaints,Public Works Department,Highway Maintenance,Work Hours-Loud Noise Complaints,ISD_Administrative,ISD,,,100 Shawmut Ave  Roxbury  MA  02118,4,1C,2,D4,Roxbury,4,03,0308,100 Shawmut Ave,2118.0,42.3466,-71.0656,Constituent Call
16743,101003589033,2021-01-14 07:05:00,2021-01-20 08:30:00,2021-01-14 08:37:13,ONTIME,Closed,Case Closed. Closed date : 2021-01-14 08:37:13.003 Case Noted Dear Constituent     We have spoken to them about taking spaces that aren't on permit.    Also spoke with contractor about the noise and they will be aware of your concerns.    I will have my inspector monitor this location daily until completion.    Spoke with contractor they will be finished tomorrow and I told them to park all vehicles on the property they are working for they said they will and apologized for the inconvenience    Thank you for letting  the city know.    Regards   Rich DiMarzo ,Work Hours-Loud Noise Complaints,Public Works Department,Highway Maintenance,Work Hours-Loud Noise Complaints,PWDx_Work Hours-Loud Noise Complaints,PWDx,,,10 Centre Ave  Dorchester  MA  02124,8,07,3,C11,Dorchester,8,16,1603,10 Centre Ave,2124.0,42.2926,-71.063,Constituent Call
16761,101003589229,2021-01-14 09:49:00,2021-01-20 09:49:01,2021-01-15 09:16:36,ONTIME,Closed,Case Closed. Closed date : 2021-01-15 09:16:36.25 Case Resolved THE PERMITTED WORK FOR A NEW FIREPIPE INSTALLATION IS DUE TO BE COMPLETED BY 4PM FRIDAY 1/15...THANK YOU FOR USING BOS:311 SINCERELY RICH DIMARZO PWD/CIU  ,Work Hours-Loud Noise Complaints,Public Works Department,Highway Maintenance,Work Hours-Loud Noise Complaints,PWDx_Work Hours-Loud Noise Complaints,PWDx,,,19 Sheafe St  Boston  MA  02113,3,1B,1,A1,Downtown / Financial District,3,Ward 3,0302,19 Sheafe St,2113.0,42.3664,-71.0557,Constituent Call
17579,101003579890,2021-01-02 17:36:03,,2021-01-08 10:38:41,ONTIME,Closed,Case Closed. Closed date : 2021-01-08 10:38:41.96 Case Invalid This case has been closed as there is not enough information to process this request.  If you feel this has been closed in error  please dial 311 to submit a new request. Sincerely  Boston 311 Team ,Public Events Noise Disturbances,Consumer Affairs & Licensing,Consumer Affairs Issues,Public Events Noise Disturbances,INFO01_GenericeFormforOtherServiceRequestTypes,INFO,,,85 Seaport Blvd  Boston  MA  02210,6,05,2,C6,Boston,5,06,0601,85 Seaport Blvd,2210.0,42.3594,-71.0587,Constituent Call
17580,101003579891,2021-01-02 17:36:43,,2021-01-02 17:53:35,ONTIME,Closed,Case Closed. Closed date : 2021-01-02 17:53:35.553 Case Invalid ,Generic Noise Disturbance,Mayor's 24 Hour Hotline,Generic Noise Disturbance,Undefined Noise Disturbance,INFO01_GenericeFormforOtherServiceRequestTypes,INFO,,,INTERSECTION of Boston Wharf Rd & Seaport Blvd  Boston  MA  ,6,05,2,C6,South Boston / South Boston Waterfront,5,6,0601,INTERSECTION Boston Wharf Rd & Seaport Blvd,,42.3594,-71.0587,Constituent Call
17710,101003694579,2021-03-31 10:24:00,2021-04-05 10:24:31,2021-04-07 11:12:00,OVERDUE,Closed,Case Closed. Closed date : 2021-04-07 11:12:00.107 Case Noted ,Work Hours-Loud Noise Complaints,Public Works Department,Highway Maintenance,Work Hours-Loud Noise Complaints,ISD_Administrative,ISD,,,INTERSECTION of Massachusetts Ave & Huntington Ave  Boston  MA  ,4,1C,9,D4,Back Bay,14,4,0405,INTERSECTION Massachusetts Ave & Huntington Ave,,42.3594,-71.0587,Constituent Call
17768,101003613984,2021-01-31 16:10:00,,,ONTIME,Open, ,Generic Noise Disturbance,Mayor's 24 Hour Hotline,Generic Noise Disturbance,Undefined Noise Disturbance,INFO01_GenericeFormforOtherServiceRequestTypes,INFO,,,INTERSECTION of Massachusetts Ave & Washington St  Roxbury  MA  ,4,1C,3,D4,South End,6,8,0802,INTERSECTION Massachusetts Ave & Washington St,,42.3594,-71.0587,Constituent Call
17925,101003581365,2021-01-04 23:13:00,,,ONTIME,Open, ,Automotive Noise Disturbance,Boston Police Department,Noise Disturbance,Automotive Noise Disturbance,INFO01_GenericeFormforOtherServiceRequestTypes,INFO,,,122 Falcon St  East Boston  MA  02128,1,09,1,A7,East Boston,1,Ward 1,0108,122 Falcon St,2128.0,42.3821,-71.0342,Constituent Call
18536,101003584017,2021-01-08 07:04:00,2021-01-13 08:30:00,2021-01-21 08:17:16,OVERDUE,Closed,Case Closed. Closed date : 2021-01-21 08:17:16.837 Case Invalid No information provided ,Work Hours-Loud Noise Complaints,Public Works Department,Highway Maintenance,Work Hours-Loud Noise Complaints,ISD_Administrative,ISD,,,83 Mount Vernon St  Boston  MA  02108,3,1B,8,A1,Beacon Hill,14,Ward 5,0503,83 Mount Vernon St,2108.0,42.3584,-71.0673,Constituent Call
21061,101003707072,2021-04-11 11:35:00,,,ONTIME,Open, ,Generic Noise Disturbance,Mayor's 24 Hour Hotline,Generic Noise Disturbance,Undefined Noise Disturbance,INFO01_GenericeFormforOtherServiceRequestTypes,INFO,,,INTERSECTION of Preble St & Boston St  South Boston  MA  ,6,05,2,C6,South Boston / South Boston Waterfront,5,7,0706,INTERSECTION Preble St & Boston St,,42.3594,-71.0587,Constituent Call
21551,101003708714,2021-04-12 22:13:00,2021-04-16 08:30:00,2021-04-13 07:20:00,ONTIME,Closed,Case Closed. Closed date : 2021-04-13 07:20:00.107 Case Noted Dar Constituent     Eversource emergency replacing duct bank and cables that are failing.    Will work till completion.    Sorry for any inconvenience this may have caused you.    Regards   Rich DiMarzo ,Work Hours-Loud Noise Complaints,Public Works Department,Highway Maintenance,Work Hours-Loud Noise Complaints,PWDx_Work Hours-Loud Noise Complaints,PWDx,,,INTERSECTION of Clarendon St & Stuart St  Boston  MA  ,4,1C,2,D4,Back Bay,6,4,0402,INTERSECTION Clarendon St & Stuart St,,42.3594,-71.0587,Constituent Call
21819,101003622083,2021-02-08 00:51:00,,2021-02-08 11:08:23,ONTIME,Closed,Case Closed. Closed date : 2021-02-08 11:08:23.273 Case Resolved Noise complaint to E18 for followup ,Generic Noise Disturbance,Mayor's 24 Hour Hotline,Generic Noise Disturbance,Undefined Noise Disturbance,INFO01_GenericeFormforOtherServiceRequestTypes,INFO,,,40 Oak St  Hyde Park  MA  02136,12,08,5,E18,Hyde Park,10,Ward 18,1818,40 Oak St,2136.0,42.2552,-71.1216,Constituent Call
22284,101003711585,2021-04-15 02:52:00,,,ONTIME,Open, ,Dumpster & Loading Noise Disturbances,Neighborhood Services,Neighborhood Services Issues,Dumpster & Loading Noise Disturbances,INFO01_GenericeFormforOtherServiceRequestTypes,INFO,,,120 Fisher Ave  Mission Hill  MA  02120,9,10A,6,B2,Mission Hill,11,Ward 10,1006,120 Fisher Ave,2120.0,42.3276,-71.1051,Constituent Call
22611,101003609262,2021-01-25 22:08:00,2021-01-29 08:30:00,2021-01-26 07:42:30,ONTIME,Closed,Case Closed. Closed date : 2021-01-26 07:42:30.463 Case Noted Dear Constituent     This an Eversource emergency .    Eversource will work till completion.    Sorry for any inconvenience this may have caused you.    I will send my inspector by to monitor this work zone.    Regards   Rich DiMarzo ,Work Hours-Loud Noise Complaints,Public Works Department,Highway Maintenance,Work Hours-Loud Noise Complaints,PWDx_Work Hours-Loud Noise Complaints,PWDx,,,INTERSECTION of W Fourth St & Dorchester Ave  South Boston  MA  ,6,05,2,C6,South Boston / South Boston Waterfront,5,6,0601,INTERSECTION W Fourth St & Dorchester Ave,,42.3594,-71.0587,Constituent Call
22838,101003610306,2021-01-26 23:19:00,,,ONTIME,Open, ,Generic Noise Disturbance,Mayor's 24 Hour Hotline,Generic Noise Disturbance,Undefined Noise Disturbance,INFO01_GenericeFormforOtherServiceRequestTypes,INFO,,,18 Eastburn St  Brighton  MA  02135,11,04,9,D14,Allston / Brighton,15,Ward 22,2209,18 Eastburn St,2135.0,42.348,-71.1566,Constituent Call
22906,101003714274,2021-04-17 17:06:00,,,ONTIME,Open, ,Aircraft Noise Disturbance,Mayor's 24 Hour Hotline,Massport,Aircraft Noise Disturbance,INFO01_GenericeFormforOtherServiceRequestTypes,INFO,,,11 Dartmouth Pl  Boston  MA  02116,4,1C,2,D4,Boston,6,04,0401,11 Dartmouth Pl,2116.0,42.345,-71.0737,Constituent Call
22917,101003714392,2021-04-17 20:45:00,,,ONTIME,Open, ,Automotive Noise Disturbance,Boston Police Department,Noise Disturbance,Automotive Noise Disturbance,INFO01_GenericeFormforOtherServiceRequestTypes,INFO,,,INTERSECTION of Prince St & Salem St  Boston  MA  ,3,1B,1,A1,Downtown / Financial District,3,3,0303,INTERSECTION Prince St & Salem St,,42.3594,-71.0587,Constituent Call
23177,101003611290,2021-01-28 08:06:21,,2021-02-08 13:48:18,ONTIME,Closed,Case Closed. Closed date : 2021-02-08 13:48:18.753 Case Invalid This case has been closed as there is not enough information to process this request.  If you feel this has been closed in error  please dial 311 to submit a new request. Sincerely  Boston 311 Team ,Generic Noise Disturbance,Mayor's 24 Hour Hotline,Generic Noise Disturbance,Undefined Noise Disturbance,INFO01_GenericeFormforOtherServiceRequestTypes,INFO,,,3943 Washington St  Roslindale  MA  02131,12,02,5,E5,Roslindale,10,Ward 19,1911,3943 Washington St,2131.0,42.2941,-71.1203,Constituent Call
23316,101003627897,2021-02-13 11:06:00,2021-02-19 08:30:00,2021-02-17 21:36:23,ONTIME,Closed,Case Closed. Closed date : 2021-02-17 21:36:23.48 Duplicate of Existing Case Inspection requested _ 101003641604 ,Work Hours-Loud Noise Complaints,Public Works Department,Highway Maintenance,Work Hours-Loud Noise Complaints,ISD_Administrative,ISD,,,41 N Margin St  Boston  MA  02113,3,1B,1,A1,Boston,3,03,0304,41 N Margin St,2113.0,42.3648,-71.0565,Constituent Call
23764,101003630672,2021-02-17 00:34:00,,,ONTIME,Open, ,Automotive Noise Disturbance,Boston Police Department,Noise Disturbance,Automotive Noise Disturbance,INFO01_GenericeFormforOtherServiceRequestTypes,INFO,,,10 Parker St  Charlestown  MA  02129,3,1A,1,A15,Charlestown,2,Ward 2,0207,10 Parker St,2129.0,42.3836,-71.0786,Constituent Call
23816,101003615257,2021-02-01 23:17:00,,2021-02-02 11:02:52,ONTIME,Closed,Case Closed. Closed date : 2021-02-02 11:02:52.047 Case Noted ,Automotive Noise Disturbance,Boston Police Department,Noise Disturbance,Automotive Noise Disturbance,INFO01_GenericeFormforOtherServiceRequestTypes,INFO,,,111 Perkins St  Jamaica Plain  MA  02130,9,02,6,E13,Jamaica Plain,11,Ward 10,1009,111 Perkins St,2130.0,42.3225,-71.1161,Constituent Call
24122,101003643024,2021-02-19 09:25:15,,2021-03-03 15:18:05,ONTIME,Closed,Case Closed. Closed date : 2021-03-03 15:18:05.197 Case Invalid This case has been closed as there is not enough information to process this request.  If you feel this has been closed in error  please dial 311 to submit a new request. Sincerely  Boston 311 Team ,Generic Noise Disturbance,Mayor's 24 Hour Hotline,Generic Noise Disturbance,Undefined Noise Disturbance,INFO01_GenericeFormforOtherServiceRequestTypes,INFO,,,32 Traveler St  Roxbury  MA  02118,4,1C,2,D4,Roxbury,4,03,0308,32 Traveler St,2118.0,42.3594,-71.0587,Constituent Call
24787,101003648136,2021-02-24 12:28:00,,,ONTIME,Open, ,Generic Noise Disturbance,Mayor's 24 Hour Hotline,Generic Noise Disturbance,Undefined Noise Disturbance,INFO01_GenericeFormforOtherServiceRequestTypes,INFO,,,599 Columbus Ave  Roxbury  MA  02118,9,10B,7,D4,Roxbury,13,Ward 9,0903,599 Columbus Ave,2118.0,42.3405,-71.0827,Constituent Call
25727,101003655462,2021-03-03 12:24:00,2021-03-08 12:24:44,2021-03-08 10:25:12,ONTIME,Closed,Case Closed. Closed date : 2021-03-08 10:25:12.84 Case Invalid No information provided ,Work Hours-Loud Noise Complaints,Public Works Department,Highway Maintenance,Work Hours-Loud Noise Complaints,ISD_Administrative,ISD,,,127 Washington St  Brighton  MA  02135,11,04,9,D14,Allston / Brighton,15,Ward 21,2110,127 Washington St,2135.0,42.3452,-71.1449,Constituent Call
25812,101003656156,2021-03-04 03:11:34,,2021-03-04 06:59:42,ONTIME,Closed,Case Closed. Closed date : 2021-03-04 06:59:42.887 Case Noted ref to 3656158 ,Generic Noise Disturbance,Mayor's 24 Hour Hotline,Generic Noise Disturbance,Undefined Noise Disturbance,INFO01_GenericeFormforOtherServiceRequestTypes,INFO,,,INTERSECTION of Mount Vernon Pl & Joy St  Boston  MA  ,3,1B,7,A1,Downtown / Financial District,14,5,0503,INTERSECTION Mount Vernon Pl & Joy St,,42.3594,-71.0587,Constituent Call
26508,101003660786,2021-03-09 00:53:00,2021-03-12 08:30:00,2021-03-19 10:24:25,OVERDUE,Closed,Case Closed. Closed date : 2021-03-19 10:24:25.853 Case Invalid No information provided ,Work Hours-Loud Noise Complaints,Public Works Department,Highway Maintenance,Work Hours-Loud Noise Complaints,ISD_Administrative,ISD,,,289 Devonshire St  Boston  MA  02110,3,1C,1,A1,Downtown / Financial District,3,Ward 3,0306,289 Devonshire St,2110.0,42.3542,-71.0579,Constituent Call
26972,101003641852,2021-02-18 07:45:00,2021-02-23 08:30:00,2021-02-23 21:33:10,OVERDUE,Closed,Case Closed. Closed date : 2021-02-23 21:33:10.537 Case Invalid No information provided ,Work Hours-Loud Noise Complaints,Public Works Department,Highway Maintenance,Work Hours-Loud Noise Complaints,ISD_Administrative,ISD,,,220 W Springfield St  Roxbury  MA  02118,4,1C,7,D4,South End,6,Ward 9,0902,220 W Springfield St,2118.0,42.3407,-71.0808,Constituent Call
27564,101003579892,2021-01-02 17:37:00,,,ONTIME,Open, ,Public Events Noise Disturbances,Consumer Affairs & Licensing,Consumer Affairs Issues,Public Events Noise Disturbances,INFO01_GenericeFormforOtherServiceRequestTypes,INFO,,,INTERSECTION of Boston Wharf Rd & Seaport Blvd  Boston  MA  ,6,05,2,C6,South Boston / South Boston Waterfront,5,6,0601,INTERSECTION Boston Wharf Rd & Seaport Blvd,,42.3594,-71.0587,Constituent Call
28016,101003646210,2021-02-22 18:47:00,2021-02-26 08:30:00,2021-02-25 13:52:08,ONTIME,Closed,Case Closed. Closed date : 2021-02-25 13:52:08.51 Duplicate of Existing Case request inspecton ,Work Hours-Loud Noise Complaints,Public Works Department,Highway Maintenance,Work Hours-Loud Noise Complaints,ISD_Administrative,ISD,,,566 Columbus Ave  Roxbury  MA  02118,4,1C,7,D4,Roxbury,6,09,0902,566 Columbus Ave,2118.0,42.3407,-71.0812,Constituent Call
28481,101003648764,2021-02-24 19:03:00,2021-03-02 08:30:00,2021-03-01 10:49:49,ONTIME,Closed,Case Closed. Closed date : 2021-03-01 10:49:49.2 Case Invalid No information provided ,Work Hours-Loud Noise Complaints,Public Works Department,Highway Maintenance,Work Hours-Loud Noise Complaints,ISD_Administrative,ISD,,,INTERSECTION of Stillman St & Salem St  Boston  MA  ,3,1B,1,A1,Downtown / Financial District,3,3,0303,INTERSECTION Stillman St & Salem St,,42.3594,-71.0587,Constituent Call
29718,101003588382,2021-01-13 11:58:00,,,ONTIME,Open, ,Aircraft Noise Disturbance,Mayor's 24 Hour Hotline,Massport,Aircraft Noise Disturbance,INFO01_GenericeFormforOtherServiceRequestTypes,INFO,,,128 Neponset Ave  Dorchester  MA  02122,8,07,3,C11,Dorchester,7,Ward 16,1605,128 Neponset Ave,2122.0,42.2943,-71.0518,Constituent Call
30001,101003684977,2021-03-22 17:40:17,,2021-03-30 14:47:05,ONTIME,Closed,Case Closed. Closed date : 2021-03-30 14:47:05.35 Case Invalid This case has been closed as there is not enough information to process this request.  If you feel this has been closed in error  please dial 311 to submit a new request. Sincerely  Boston 311 Team ,Generic Noise Disturbance,Mayor's 24 Hour Hotline,Generic Noise Disturbance,Undefined Noise Disturbance,INFO01_GenericeFormforOtherServiceRequestTypes,INFO,,,888 Boylston St  Boston  MA  02199,4,1C,2,D4,Boston,6,04,0402,888 Boylston St,2199.0,42.3594,-71.0587,Constituent Call
30002,101003684981,2021-03-22 17:41:00,,,ONTIME,Open, ,Generic Noise Disturbance,Mayor's 24 Hour Hotline,Generic Noise Disturbance,Undefined Noise Disturbance,INFO01_GenericeFormforOtherServiceRequestTypes,INFO,,,INTERSECTION of Fairfield St & Boylston St  Boston  MA  ,4,1C,2,D4,Back Bay,14,5,0508,INTERSECTION Fairfield St & Boylston St,,42.3594,-71.0587,Constituent Call
30087,101003589948,2021-01-14 23:56:00,,,ONTIME,Open, ,Automotive Noise Disturbance,Boston Police Department,Noise Disturbance,Automotive Noise Disturbance,INFO01_GenericeFormforOtherServiceRequestTypes,INFO,,,640 Hyde Park Ave  Roslindale  MA  02131,12,08,5,E18,Roslindale,10,Ward 18,1808,640 Hyde Park Ave,2131.0,42.2783,-71.1188,Constituent Call
30088,101003589964,2021-01-15 04:14:00,2021-01-21 08:30:00,2021-01-19 23:27:38,ONTIME,Closed,Case Closed. Closed date : 2021-01-19 23:27:38.837 Duplicate of Existing Case No information provided ,Work Hours-Loud Noise Complaints,Public Works Department,Highway Maintenance,Work Hours-Loud Noise Complaints,ISD_Administrative,ISD,,,INTERSECTION of Deerfield St & Commonwealth Ave  Boston  MA  ,4,10A,7,D4,Fenway / Kenmore / Audubon Circle / Longwood,14,5,0510,INTERSECTION Deerfield St & Commonwealth Ave,,42.3594,-71.0587,Constituent Call
30780,101003593320,2021-01-19 11:30:00,,2021-02-04 11:07:08,ONTIME,Closed,Case Closed. Closed date : 2021-02-04 11:07:08.04 Case Resolved I visited both sites last week.  Unfortunately Lolita is closed and could not reach the owner/manager at the time.  However  I met and spoke to the owner/manager who informed me that their trash pickups and deliveries occur during the day.   As the APCC already mentioned in previous responses  we cannot regulate commercial trash pickups in areas zoned as mixed residential/commercial.  Thank you   Lugardy Raymond ,Dumpster & Loading Noise Disturbances,Neighborhood Services,Neighborhood Services Issues,Dumpster & Loading Noise Disturbances,INFO01_GenericeFormforOtherServiceRequestTypes,INFO,,,271 Dartmouth St  Boston  MA  02116,4,1C,8,D4,Back Bay,14,Ward 5,0507,271 Dartmouth St,2116.0,42.3507,-71.0773,Constituent Call
30985,101003594052,2021-01-19 23:36:00,2021-01-25 08:30:00,,OVERDUE,Open, ,Work Hours-Loud Noise Complaints,Public Works Department,Highway Maintenance,Work Hours-Loud Noise Complaints,BWSC_All Cases,BWSC,,,1241 Adams St  Mattapan  MA  02124,8,07,4,C11,Dorchester,7,Ward 17,1714,1241 Adams St,2124.0,42.2713,-71.0694,Constituent Call
31930,101003664023,2021-03-11 12:51:27,,2021-03-16 11:04:00,ONTIME,Closed,Case Closed. Closed date : 2021-03-16 11:04:00.63 Case Invalid This case has been closed as there is not enough information to process this request.  If you feel this has been closed in error  please dial 311 to submit a new request. Sincerely  Boston 311 Team ,Automotive Noise Disturbance,Boston Police Department,Noise Disturbance,Automotive Noise Disturbance,INFO01_GenericeFormforOtherServiceRequestTypes,INFO,,,226 N Harvard St  Allston  MA  02134,11,04,9,D14,Allston / Brighton,15,Ward 22,2201,226 N Harvard St,2134.0,42.3618,-71.13,Constituent Call
33029,101003698023,2021-04-03 08:50:00,2021-04-08 08:30:00,2021-04-05 07:47:26,ONTIME,Closed,Case Closed. Closed date : 2021-04-05 07:47:26.89 Case Noted Dear Constituent     We will speak to both NGRID/Feeney brothers about start times on all the jobs.    We will speak to BTD about start times also.    Sorry for any incovneice this may have caused you.    Regards   Rich DiMarzo ,Work Hours-Loud Noise Complaints,Public Works Department,Highway Maintenance,Work Hours-Loud Noise Complaints,PWDx_Work Hours-Loud Noise Complaints,PWDx,,,8 Albion St  Roxbury  MA  02119,7,03,7,B2,Roxbury,13,Ward 8,0805,8 Albion St,2119.0,42.3221,-71.072,Constituent Call
33330,101003699084,2021-04-04 23:13:00,2021-04-08 08:30:00,2021-04-05 09:29:46,ONTIME,Closed,Case Closed. Closed date : 2021-04-05 09:29:46.777 Case Noted Dear Constituent     This is a NGRID grade 1 gas leak.    NGRID will work to completion .    I will send my inspector by to check the status of the job.    Sorry for any inconvioence this may have caused you.    Permit # EMER-1147237    Regards   Rich DiMarzo ,Work Hours-Loud Noise Complaints,Public Works Department,Highway Maintenance,Work Hours-Loud Noise Complaints,PWDx_Work Hours-Loud Noise Complaints,PWDx,,,INTERSECTION of Lanark Rd & Sutherland Rd  Brighton  MA  ,11,04,8,D14,Allston / Brighton,15,21,2114,INTERSECTION Lanark Rd & Sutherland Rd,,42.3594,-71.0587,Constituent Call
33776,101003680675,2021-03-18 09:34:00,,2021-03-19 10:29:50,ONTIME,Closed,Case Closed. Closed date : 2021-03-19 10:29:50.867 Case Resolved There is no callback.  We will reach out to Stashâ€™s to follow up.   S O'Mara  BPD ,Automotive Noise Disturbance,Boston Police Department,Noise Disturbance,Automotive Noise Disturbance,INFO01_GenericeFormforOtherServiceRequestTypes,INFO,,,330 Belgrade Ave  Roslindale  MA  02131,12,06,5,E5,Roslindale,10,Ward 20,2008,330 Belgrade Ave,2131.0,42.2859,-71.1451,Constituent Call
33800,101003701072,2021-04-06 12:20:00,,,ONTIME,Open, ,Generic Noise Disturbance,Mayor's 24 Hour Hotline,Generic Noise Disturbance,Undefined Noise Disturbance,INFO01_GenericeFormforOtherServiceRequestTypes,INFO,,,115 Newbury St  Boston  MA  02116,4,1C,8,D4,Back Bay,14,Ward 5,0507,115 Newbury St,2116.0,42.3515,-71.0762,Constituent Call
34158,101003682460,2021-03-20 05:16:00,2021-03-25 08:30:00,,OVERDUE,Open, ,Work Hours-Loud Noise Complaints,Public Works Department,Highway Maintenance,Work Hours-Loud Noise Complaints,INFO_Mass DOT,INFO,,,101 Canal St  Boston  MA  02114,3,1B,2,A1,Boston,3,03,0306,101 Canal St,2114.0,42.3647,-71.0599,Constituent Call
35025,101003620292,2021-02-05 13:24:00,2021-02-10 13:24:01,2021-02-11 20:06:12,OVERDUE,Closed,Case Closed. Closed date : 2021-02-11 20:06:12.28 Case Invalid No information provided ,Work Hours-Loud Noise Complaints,Public Works Department,Highway Maintenance,Work Hours-Loud Noise Complaints,ISD_Administrative,ISD,,,1258 Boylston St  Boston  MA  02215,4,10A,8,D4,Fenway / Kenmore / Audubon Circle / Longwood,14,Ward 5,0502,1258 Boylston St,2215.0,42.3448,-71.0958,Constituent Call
35647,101003623423,2021-02-09 00:35:00,2021-02-12 08:30:00,2021-02-09 07:49:59,ONTIME,Closed,Case Closed. Closed date : 2021-02-09 07:49:59.38 Case Resolved NATIONAL GRID RESPONDED TO AND ARE CURRENTLY WORKING TO REPAIR A GRADE 1 LEAK ON WASHINGTON AT BOYLSTON. THE CITY APOLOGIZES FOR THIS NECESSARY INCONVENIENCE THANK YOU FOR USING BOS : 311 SINCERELY RICH DIMARZO PWD / CIU  ,Work Hours-Loud Noise Complaints,Public Works Department,Highway Maintenance,Work Hours-Loud Noise Complaints,PWDx_Work Hours-Loud Noise Complaints,PWDx,,,INTERSECTION of Boylston St & Tremont St  Boston  MA  ,4,1C,2,A1,Downtown / Financial District,4,3,0308,INTERSECTION Boylston St & Tremont St,,42.3594,-71.0587,Constituent Call
36015,101003711065,2021-04-14 13:53:00,2021-04-20 13:53:12,,ONTIME,Open, ,Work Hours-Loud Noise Complaints,Public Works Department,Highway Maintenance,Work Hours-Loud Noise Complaints,ISD_Administrative,ISD,,,INTERSECTION of Dudley St & Howard Ave  Dorchester  MA  ,7,03,9,B2,Roxbury,13,8,0805,INTERSECTION Dudley St & Howard Ave,,42.3594,-71.0587,Constituent Call
36428,101003712807,2021-04-16 06:24:51,2021-04-22 08:30:00,2021-04-16 06:26:59,ONTIME,Closed,Case Closed. Closed date : 2021-04-16 06:26:59.077 Case Invalid Invalid ,Work Hours-Loud Noise Complaints,Public Works Department,Highway Maintenance,Work Hours-Loud Noise Complaints,PWDx_Work Hours-Loud Noise Complaints,PWDx,,,INTERSECTION of Ashcroft St & Perkins St  Jamaica Plain  MA  ,9,02,6,E13,Jamaica Plain,11,10,1009,INTERSECTION Ashcroft St & Perkins St,,42.3594,-71.0587,Constituent Call
36565,101003627714,2021-02-12 23:07:00,,2021-02-15 10:19:15,ONTIME,Closed,Case Closed. Closed date : 2021-02-15 10:19:15.437 Case Noted ,Generic Noise Disturbance,Mayor's 24 Hour Hotline,Generic Noise Disturbance,Undefined Noise Disturbance,INFO01_GenericeFormforOtherServiceRequestTypes,INFO,,,INTERSECTION of Avery St & Washington St  Boston  MA  ,3,1C,2,A1,Downtown / Financial District,4,3,0308,INTERSECTION Avery St & Washington St,,42.3594,-71.0587,Constituent Call
36567,101003627734,2021-02-13 00:15:00,,2021-02-15 10:20:19,ONTIME,Closed,Case Closed. Closed date : 2021-02-15 10:20:19.753 Case Noted ,Generic Noise Disturbance,Mayor's 24 Hour Hotline,Generic Noise Disturbance,Undefined Noise Disturbance,INFO01_GenericeFormforOtherServiceRequestTypes,INFO,,,57 Stuart St  Boston  MA  02116,4,1C,2,A1,Downtown / Financial District,4,Ward 3,0308,57 Stuart St,2116.0,42.3512,-71.0643,Constituent Call
36949,101003714458,2021-04-18 00:41:00,,,ONTIME,Open, ,Generic Noise Disturbance,Mayor's 24 Hour Hotline,Generic Noise Disturbance,Undefined Noise Disturbance,INFO01_GenericeFormforOtherServiceRequestTypes,INFO,,,89 Cedar St  Roxbury  MA  02119,7,10B,7,B2,Roxbury,13,Ward 11,1102,89 Cedar St,2119.0,42.3269,-71.0923,Constituent Call
37163,101003715417,2021-04-19 11:08:00,2021-04-23 08:30:00,,ONTIME,Open, ,Work Hours-Loud Noise Complaints,Public Works Department,Highway Maintenance,Work Hours-Loud Noise Complaints,PWDx_Work Hours-Loud Noise Complaints,PWDx,,,7 Brent St  Dorchester  MA  02124,8,07,4,C11,Dorchester,8,Ward 17,1706,7 Brent St,2124.0,42.2888,-71.0706,Constituent Call
37197,101003715611,2021-04-19 13:42:00,,,ONTIME,Open, ,Generic Noise Disturbance,Mayor's 24 Hour Hotline,Generic Noise Disturbance,Undefined Noise Disturbance,INFO01_GenericeFormforOtherServiceRequestTypes,INFO,,,529 Newbury St  Boston  MA  02215,4,10A,8,D4,Fenway / Kenmore / Audubon Circle / Longwood,14,Ward 5,0510,529 Newbury St,2215.0,42.3482,-71.0937,Constituent Call
37335,101003693170,2021-03-30 10:10:16,,2021-03-30 10:11:41,ONTIME,Closed,Case Closed. Closed date : 2021-03-30 10:11:41.303 Case Invalid ,Generic Noise Disturbance,Mayor's 24 Hour Hotline,Generic Noise Disturbance,Undefined Noise Disturbance,INFO01_GenericeFormforOtherServiceRequestTypes,INFO,,,25 Edison Grn  Dorchester  MA  02125,7,03,2,C11,Dorchester,5,Ward 7,0709,25 Edison Grn,2125.0,42.3196,-71.058,Constituent Call
37711,101003644523,2021-02-21 00:25:00,,,ONTIME,Open, ,Automotive Noise Disturbance,Boston Police Department,Noise Disturbance,Automotive Noise Disturbance,INFO01_GenericeFormforOtherServiceRequestTypes,INFO,,,31 Orleans St  East Boston  MA  02128,1,09,1,A7,East Boston,1,01,0103,31 Orleans St,2128.0,42.3676,-71.0382,Constituent Call
37768,101003695583,2021-04-01 01:45:00,,,ONTIME,Open, ,Dumpster & Loading Noise Disturbances,Neighborhood Services,Neighborhood Services Issues,Dumpster & Loading Noise Disturbances,INFO01_GenericeFormforOtherServiceRequestTypes,INFO,,,INTERSECTION of Columbus Ave & Centre St  Roxbury  MA  ,9,10B,9,B2,Roxbury,13,11,1101,INTERSECTION Columbus Ave & Centre St,,42.3594,-71.0587,Constituent Call
37930,101003646329,2021-02-22 23:39:00,2021-02-26 08:30:00,2021-02-23 07:33:44,ONTIME,Closed,Case Closed. Closed date : 2021-02-23 07:33:44.59 Case Noted Dear Constituent     This is a grade 1 NGRID gas leak.  NGRID will work till completion on this job.    Sorry for any incovneice this may have caused you.    Regards   Rich DiMarzo ,Work Hours-Loud Noise Complaints,Public Works Department,Highway Maintenance,Work Hours-Loud Noise Complaints,PWDx_Work Hours-Loud Noise Complaints,PWDx,,,INTERSECTION of Crispus Attucks Pl & Cedar St  Roxbury  MA  ,9,10B,9,B2,Roxbury,13,9,0905,INTERSECTION Crispus Attucks Pl & Cedar St,,42.3594,-71.0587,Constituent Call
37931,101003646338,2021-02-23 02:49:00,2021-02-26 08:30:00,2021-02-23 07:36:51,ONTIME,Closed,Case Closed. Closed date : 2021-02-23 07:36:51.82 Case Noted Dear Constituent     This is a grade 1 NGRID gas leak.    Crews will work till completion.    Sorry for any inconvenience this may have caused you.    Regards   Rich DiMarzo ,Work Hours-Loud Noise Complaints,Public Works Department,Highway Maintenance,Work Hours-Loud Noise Complaints,PWDx_Work Hours-Loud Noise Complaints,PWDx,,,INTERSECTION of Centre St & Richwood St  West Roxbury  MA  ,12,06,6,E5,West Roxbury,12,20,2012,INTERSECTION Centre St & Richwood St,,42.3594,-71.0587,Constituent Call
37955,101003578887,2021-01-01 01:44:00,2021-01-07 08:30:00,2021-01-04 08:48:56,ONTIME,Closed,Case Closed. Closed date : 2021-01-04 08:48:56.423 Case Noted Dear Constituent     This was an Eversource emergency .    I will send my inspector by to double check the work.  Sorry for any inconvenience this may have caused you.    Regards   Rich DiMarzo     ,Work Hours-Loud Noise Complaints,Public Works Department,Highway Maintenance,Work Hours-Loud Noise Complaints,PWDx_Work Hours-Loud Noise Complaints,PWDx,,,INTERSECTION of Strathmore Rd & Sutherland Rd  Brighton  MA  ,11,04,8,D14,Allston / Brighton,15,21,2115,INTERSECTION Strathmore Rd & Sutherland Rd,,42.3594,-71.0587,Constituent Call
38980,101003651674,2021-02-27 22:40:00,2021-03-04 08:30:00,2021-03-01 07:49:27,ONTIME,Closed,Case Closed. Closed date : 2021-03-01 07:49:27.353 Case Noted Dear Constituent     This is a grade 1 gas leak and NGRID will work till completion  .  Sorry for any inconvenience this may have caused you.    Regards   Rich DiMarzo ,Work Hours-Loud Noise Complaints,Public Works Department,Highway Maintenance,Work Hours-Loud Noise Complaints,PWDx_Work Hours-Loud Noise Complaints,PWDx,,,38 School St  Charlestown  MA  02129,3,1A,1,A15,Charlestown,2,Ward 2,0205,38 School St,2129.0,42.3778,-71.0647,Constituent Call
39345,101003653426,2021-03-01 17:52:00,,,ONTIME,Open, ,Aircraft Noise Disturbance,Mayor's 24 Hour Hotline,Massport,Aircraft Noise Disturbance,INFO01_GenericeFormforOtherServiceRequestTypes,INFO,,,2 Otisfield St  Dorchester  MA  02121,9,10B,7,B2,Roxbury,13,Ward 12,1206,2 Otisfield St,2121.0,42.3131,-71.0808,Constituent Call
39444,101003701132,2021-04-06 12:46:00,2021-04-09 12:46:48,2021-04-07 07:43:44,ONTIME,Closed,Case Closed. Closed date : 2021-04-07 07:43:44.907 Case Noted Dear Constituent     This is an Eversource emergency .    Eversource will work till completion to restore power to there customers.  I will have my inspector ride by this location today and see the status.  Sorry for any inconvioence this may have caused you.    Regards   Rich DiMarzo ,Work Hours-Loud Noise Complaints,Public Works Department,Highway Maintenance,Work Hours-Loud Noise Complaints,PWDx_Work Hours-Loud Noise Complaints,PWDx,,,INTERSECTION of West St & Mason St  Boston  MA  ,3,1C,2,A1,Downtown / Financial District,4,3,0308,INTERSECTION West St & Mason St,,42.3594,-71.0587,Constituent Call
39660,101003701819,2021-04-06 22:51:00,2021-04-12 08:30:00,2021-04-07 07:29:29,ONTIME,Closed,Case Closed. Closed date : 2021-04-07 07:29:29.907 Case Noted Dear Constituent     This is an NGRID grade 1 emergency.    NGRID will work till completion to restore service and make sure there infrastructure was safe to the public.    Sorry for any inconvioence this may have caused you.    I will send my inspector by to see there progress.    Regards   Rich DiMarzo ,Work Hours-Loud Noise Complaints,Public Works Department,Highway Maintenance,Work Hours-Loud Noise Complaints,PWDx_Work Hours-Loud Noise Complaints,PWDx,,,65 Charter St  Boston  MA  02109,3,1B,1,A1,Downtown / Financial District,3,Ward 3,0302,65 Charter St,2109.0,42.3674,-71.0549,Constituent Call
39893,101003656142,2021-03-04 00:29:00,2021-03-09 08:30:00,2021-03-08 10:23:58,ONTIME,Closed,Case Closed. Closed date : 2021-03-08 10:23:58.443 Case Invalid No information provided ,Work Hours-Loud Noise Complaints,Public Works Department,Highway Maintenance,Work Hours-Loud Noise Complaints,ISD_Administrative,ISD,,,7 Hudson St  Boston  MA  02111,4,1C,2,A1,Boston,4,03,0308,7 Hudson St,2111.0,42.3594,-71.0587,Constituent Call
40865,101003706948,2021-04-11 08:32:00,,2021-04-12 12:53:06,ONTIME,Closed,Case Closed. Closed date : 2021-04-12 12:53:06.177 Case Resolved We will investigate. No contact info D Keane  BPD ,Automotive Noise Disturbance,Boston Police Department,Noise Disturbance,Automotive Noise Disturbance,INFO01_GenericeFormforOtherServiceRequestTypes,INFO,,,INTERSECTION of Hyde Park Ave & Wolcott Ct  Hyde Park  MA  ,12,08,5,E18,Hyde Park,10,18,1820,INTERSECTION Hyde Park Ave & Wolcott Ct,,42.3594,-71.0587,Constituent Call
41809,101003710051,2021-04-13 19:29:00,2021-04-20 08:30:00,2021-04-15 11:37:33,ONTIME,Closed,Case Closed. Closed date : 2021-04-15 11:37:33.243 Case Invalid no contact information ,Work Hours-Loud Noise Complaints,Public Works Department,Highway Maintenance,Work Hours-Loud Noise Complaints,ISD_Administrative,ISD,,,660 Washington St  Boston  MA  02111,4,1C,2,A1,Boston,4,03,0308,660 Washington St,2111.0,42.3519,-71.0624,Constituent Call
41860,101003592086,2021-01-18 06:45:00,2021-01-22 08:30:00,2021-01-22 17:22:21,OVERDUE,Closed,Case Closed. Closed date : 2021-01-22 17:22:21.84 Case Invalid No information provided ,Work Hours-Loud Noise Complaints,Public Works Department,Highway Maintenance,Work Hours-Loud Noise Complaints,ISD_Administrative,ISD,,,425 Lagrange St  West Roxbury  MA  02132,12,06,6,E5,West Roxbury,12,20,2005,425 Lagrange St,2132.0,42.2812,-71.1591,Constituent Call
41866,101003710263,2021-04-14 07:19:00,2021-04-20 08:30:00,,ONTIME,Open, ,Work Hours-Loud Noise Complaints,Public Works Department,Highway Maintenance,Work Hours-Loud Noise Complaints,PWDx_Roadway Repair_Reconstruction,PWDx,,,19 Elmore St  Roxbury  MA  02119,9,10B,7,B2,Roxbury,13,11,1103,19 Elmore St,2119.0,42.3205,-71.0917,Constituent Call
42187,101003715585,2021-04-19 13:25:00,2021-04-23 08:30:00,,ONTIME,Open, ,Work Hours-Loud Noise Complaints,Public Works Department,Highway Maintenance,Work Hours-Loud Noise Complaints,PWDx_Work Hours-Loud Noise Complaints,PWDx,,,55 Delle Ave  Mission Hill  MA  02120,9,10A,8,B2,Mission Hill,14,Ward 10,1002,55 Delle Ave,2120.0,42.3315,-71.0993,Constituent Call
42644,101003605373,2021-01-21 09:04:00,,,ONTIME,Open, ,Automotive Noise Disturbance,Boston Police Department,Noise Disturbance,Automotive Noise Disturbance,INFO01_GenericeFormforOtherServiceRequestTypes,INFO,,,584 Poplar St  Roslindale  MA  02131,12,08,5,E18,Hyde Park,10,Ward 18,1822,584 Poplar St,2131.0,42.2704,-71.1319,Constituent Call
42796,101003668145,2021-03-15 18:53:53,,2021-03-16 11:03:50,ONTIME,Closed,Case Closed. Closed date : 2021-03-16 11:03:50.953 Case Invalid This case has been closed as there is not enough information to process this request.  If you feel this has been closed in error  please dial 311 to submit a new request. Sincerely  Boston 311 Team ,Automotive Noise Disturbance,Boston Police Department,Noise Disturbance,Automotive Noise Disturbance,INFO01_GenericeFormforOtherServiceRequestTypes,INFO,,,INTERSECTION of Falcon St & Putnam St  East Boston  MA  ,1,09,1,A7,East Boston,1,1,0109,INTERSECTION Falcon St & Putnam St,,42.3594,-71.0587,Constituent Call
42892,101003606690,2021-01-22 12:51:00,,,ONTIME,Open, ,Generic Noise Disturbance,Mayor's 24 Hour Hotline,Generic Noise Disturbance,Undefined Noise Disturbance,INFO01_GenericeFormforOtherServiceRequestTypes,INFO,,,INTERSECTION of London St & Maverick St  East Boston  MA  ,1,09,1,A7,East Boston,1,1,0104,INTERSECTION London St & Maverick St,,42.3594,-71.0587,Constituent Call
42983,101003714307,2021-04-17 17:48:00,,,ONTIME,Open, ,Aircraft Noise Disturbance,Mayor's 24 Hour Hotline,Massport,Aircraft Noise Disturbance,INFO01_GenericeFormforOtherServiceRequestTypes,INFO,,,139 Tremont St  Boston  MA  02108,3,1C,8,A1,Boston,14,05,0503,139 Tremont St,2108.0,42.3554,-71.0638,Constituent Call
43171,101003715034,2021-04-19 03:32:00,2021-04-23 08:30:00,,ONTIME,Open, ,Work Hours-Loud Noise Complaints,Public Works Department,Highway Maintenance,Work Hours-Loud Noise Complaints,ISD_Administrative,ISD,,,386 Commonwealth Ave  Boston  MA  02215,4,10A,8,D4,Back Bay,14,Ward 5,0510,386 Commonwealth Ave,2215.0,42.3486,-71.0899,Constituent Call
43261,101003715316,2021-04-19 10:04:00,,,ONTIME,Open, ,Generic Noise Disturbance,Mayor's 24 Hour Hotline,Generic Noise Disturbance,Undefined Noise Disturbance,INFO01_GenericeFormforOtherServiceRequestTypes,INFO,,,120 Martin Luther King Jr Blvd  Roxbury  MA  02119,9,10B,7,B2,Roxbury,13,Ward 12,1203,120 Martin Luther King Jr Blvd,2119.0,42.3215,-71.0906,Constituent Call
43335,101003608753,2021-01-25 11:59:53,,,ONTIME,Open, ,Aircraft Noise Disturbance,Mayor's 24 Hour Hotline,Massport,Aircraft Noise Disturbance,INFO01_GenericeFormforOtherServiceRequestTypes,INFO,,,INTERSECTION of Paul Gore St & Saint Peter St  Jamaica Plain  MA  ,9,02,6,E13,Jamaica Plain,11,19,1901,INTERSECTION Paul Gore St & Saint Peter St,,42.3594,-71.0587,Constituent Call
43425,101003609278,2021-01-25 23:06:00,,,ONTIME,Open, ,Automotive Noise Disturbance,Boston Police Department,Noise Disturbance,Automotive Noise Disturbance,INFO01_GenericeFormforOtherServiceRequestTypes,INFO,,,INTERSECTION of W Concord St & Shawmut Ave  Roxbury  MA  ,4,1C,9,D4,South End,6,9,0902,INTERSECTION W Concord St & Shawmut Ave,,42.3594,-71.0587,Constituent Call
43426,101003609301,2021-01-26 01:51:00,,2021-01-26 12:08:27,ONTIME,Closed,Case Closed. Closed date : 2021-01-26 12:08:27.25 Case Invalid There is not enough information in this case other than a residential address.  If this involves residential trash pickup  this should go to PWD and if this involves commercial trash pickup (since from the map I see there is a commercial building across the street)  there is not much the APCC can do because the State of Massachusetts does not allow cities and municipalities to regulate the hours of commercial trash pickups.  Lugardy Raymond ,Dumpster & Loading Noise Disturbances,Neighborhood Services,Neighborhood Services Issues,Dumpster & Loading Noise Disturbances,INFO01_GenericeFormforOtherServiceRequestTypes,INFO,,,33 Faulkner St  Dorchester  MA  02122,7,07,3,C11,Dorchester,7,Ward 16,1601,33 Faulkner St,2122.0,42.2995,-71.0619,Constituent Call
43882,101003611882,2021-01-28 16:39:32,,2021-02-08 13:46:16,ONTIME,Closed,Case Closed. Closed date : 2021-02-08 13:46:16.59 Case Invalid This case has been closed as there is not enough information to process this request.  If you feel this has been closed in error  please dial 311 to submit a new request. Sincerely  Boston 311 Team ,Generic Noise Disturbance,Mayor's 24 Hour Hotline,Generic Noise Disturbance,Undefined Noise Disturbance,INFO01_GenericeFormforOtherServiceRequestTypes,INFO,,,217 Bowdoin St  Dorchester  MA  02122,7,03,4,C11,Dorchester,8,Ward 15,1502,217 Bowdoin St,2122.0,42.3055,-71.0675,Constituent Call
43902,101003683136,2021-03-21 01:57:10,,2021-03-21 01:58:41,ONTIME,Closed,Case Closed. Closed date : 2021-03-21 01:58:41.077 Case Invalid Invalid ,Automotive Noise Disturbance,Boston Police Department,Noise Disturbance,Automotive Noise Disturbance,INFO01_GenericeFormforOtherServiceRequestTypes,INFO,,,INTERSECTION of Monument Ave & Monument Sq  Charlestown  MA  ,3,1A,1,A15,Charlestown,2,2,0203,INTERSECTION Monument Ave & Monument Sq,,42.3594,-71.0587,Constituent Call
43921,101003683202,2021-03-21 08:55:00,2021-03-25 08:30:00,,OVERDUE,Open, ,Work Hours-Loud Noise Complaints,Public Works Department,Highway Maintenance,Work Hours-Loud Noise Complaints,INFO_Mass DOT,INFO,,,234 Causeway St  Boston  MA  02114,3,1B,8,A1,Downtown / Financial District,3,Ward 3,0305,234 Causeway St,2114.0,42.3668,-71.0592,Constituent Call
45563,101003622058,2021-02-07 23:05:00,,2021-02-08 10:23:50,ONTIME,Closed,Case Closed. Closed date : 2021-02-08 10:23:50.69 Case Noted ,Generic Noise Disturbance,Mayor's 24 Hour Hotline,Generic Noise Disturbance,Undefined Noise Disturbance,INFO01_GenericeFormforOtherServiceRequestTypes,INFO,,,650 Columbus Ave  Roxbury  MA  02118,4,10B,7,D4,Roxbury,13,Ward 9,0904,650 Columbus Ave,2118.0,42.3388,-71.0835,Constituent Call
45781,101003623397,2021-02-08 22:24:00,2021-02-12 08:30:00,2021-02-11 19:00:24,ONTIME,Closed,Case Closed. Closed date : 2021-02-11 19:00:24.127 Duplicate of Existing Case inspection requested  ,Work Hours-Loud Noise Complaints,Public Works Department,Highway Maintenance,Work Hours-Loud Noise Complaints,ISD_Administrative,ISD,,,41 N Margin St  Boston  MA  02113,3,1B,1,A1,Boston,3,03,0304,41 N Margin St,2113.0,42.3648,-71.0565,Constituent Call
47343,101003579995,2021-01-03 01:40:00,2021-01-07 08:30:00,2021-01-04 08:01:31,ONTIME,Closed,Case Closed. Closed date : 2021-01-04 08:01:31.463 Case Noted Dear Constituent     This was an Eversource emergency .  This job should be completed .    I will send my inspector by and reach out to Eversource.    Sorry for any inconvenience this may have caused you.    Regards   Rich DiMarzo ,Work Hours-Loud Noise Complaints,Public Works Department,Highway Maintenance,Work Hours-Loud Noise Complaints,PWDx_Work Hours-Loud Noise Complaints,PWDx,,,INTERSECTION of Pierce Ave & Adams St  Dorchester  MA  ,8,07,3,C11,Dorchester,7,16,1609,INTERSECTION Pierce Ave & Adams St,,42.3594,-71.0587,Constituent Call
47487,101003643022,2021-02-19 09:24:49,,2021-03-03 15:18:17,ONTIME,Closed,Case Closed. Closed date : 2021-03-03 15:18:17.07 Case Invalid This case has been closed as there is not enough information to process this request.  If you feel this has been closed in error  please dial 311 to submit a new request. Sincerely  Boston 311 Team ,Generic Noise Disturbance,Mayor's 24 Hour Hotline,Generic Noise Disturbance,Undefined Noise Disturbance,INFO01_GenericeFormforOtherServiceRequestTypes,INFO,,,32 Traveler St  Roxbury  MA  02118,4,1C,2,D4,Roxbury,4,03,0308,32 Traveler St,2118.0,42.3594,-71.0587,Constituent Call
47488,101003643027,2021-02-19 09:25:56,,2021-03-03 15:17:59,ONTIME,Closed,Case Closed. Closed date : 2021-03-03 15:17:59.857 Case Invalid This case has been closed as there is not enough information to process this request.  If you feel this has been closed in error  please dial 311 to submit a new request. Sincerely  Boston 311 Team ,Generic Noise Disturbance,Mayor's 24 Hour Hotline,Generic Noise Disturbance,Undefined Noise Disturbance,INFO01_GenericeFormforOtherServiceRequestTypes,INFO,,,32 Traveler St  Roxbury  MA  02118,4,1C,2,D4,Roxbury,4,03,0308,32 Traveler St,2118.0,42.3594,-71.0587,Constituent Call
47916,101003582226,2021-01-05 22:42:00,2021-01-11 08:30:00,2021-01-06 09:47:55,ONTIME,Closed,Case Closed. Closed date : 2021-01-06 09:47:55.31 Case Resolved NATIONAL GRID IS CURRENTLY WORKING AROUND THE CLOCK TO REPAIR A COMPLEX LEAK IN THIS INTERSECTION....THE CITY APOLOGIZES FOR THIS NECESSARY INCONVENIENCE THANK YOU FOR USING BOS:311 SINCERELY RICH DIMARZO PWD/CIU  ,Work Hours-Loud Noise Complaints,Public Works Department,Highway Maintenance,Work Hours-Loud Noise Complaints,PWDx_Work Hours-Loud Noise Complaints,PWDx,,,INTERSECTION of Thacher St & Prince St  Boston  MA  ,3,1B,1,A1,Downtown / Financial District,3,3,0304,INTERSECTION Thacher St & Prince St,,42.3594,-71.0587,Constituent Call
48350,101003707632,2021-04-12 08:27:00,2021-04-15 08:30:00,2021-04-13 09:55:22,ONTIME,Closed,Case Closed. Closed date : 2021-04-13 09:55:22.437 Case Invalid Not enough information ,Work Hours-Loud Noise Complaints,Public Works Department,Highway Maintenance,Work Hours-Loud Noise Complaints,ISD_Administrative,ISD,,,14 Pratt St  Allston  MA  02134,11,04,9,D14,Allston,15,21,2104,14 Pratt St,2134.0,42.3551,-71.1296,Constituent Call
48681,101003708878,2021-04-13 07:46:00,2021-04-16 08:30:00,2021-04-14 10:56:26,ONTIME,Closed,Case Closed. Closed date : 2021-04-14 10:56:26.133 Case Invalid Not enough informatioin ,Work Hours-Loud Noise Complaints,Public Works Department,Highway Maintenance,Work Hours-Loud Noise Complaints,ISD_Administrative,ISD,,,660 Washington St  Boston  MA  02111,4,1C,2,A1,Boston,4,03,0308,660 Washington St,2111.0,42.3519,-71.0624,Constituent Call
48986,101003710312,2021-04-14 08:01:00,2021-04-20 08:30:00,2021-04-15 11:32:32,ONTIME,Closed,Case Closed. Closed date : 2021-04-15 11:32:32.29 Case Invalid Not enough information ,Work Hours-Loud Noise Complaints,Public Works Department,Highway Maintenance,Work Hours-Loud Noise Complaints,ISD_Administrative,ISD,,,660 Washington St  Boston  MA  02111,4,1C,2,A1,Boston,4,03,0308,660 Washington St,2111.0,42.3519,-71.0624,Constituent Call
49589,101003712791,2021-04-16 03:58:02,2021-04-22 08:30:00,2021-04-16 03:58:48,ONTIME,Closed,Case Closed. Closed date : 2021-04-16 03:58:48.29 Case Invalid Invalid ,Work Hours-Loud Noise Complaints,Public Works Department,Highway Maintenance,Work Hours-Loud Noise Complaints,PWDx_Work Hours-Loud Noise Complaints,PWDx,,,30 Ipswich St  Boston  MA  02215,4,10A,8,D4,Fenway / Kenmore / Audubon Circle / Longwood,14,Ward 5,0510,30 Ipswich St,2215.0,42.3474,-71.0905,Constituent Call
49844,101003713757,2021-04-17 01:10:00,,,ONTIME,Open, ,Automotive Noise Disturbance,Boston Police Department,Noise Disturbance,Automotive Noise Disturbance,INFO01_GenericeFormforOtherServiceRequestTypes,INFO,,,181 Allston St  Allston  MA  02134,11,04,9,D14,Allston / Brighton,15,Ward 21,2109,181 Allston St,2134.0,42.3473,-71.1386,Constituent Call
50217,101003590935,2021-01-15 20:40:00,2021-01-22 08:30:00,2021-01-19 23:15:19,ONTIME,Closed,Case Closed. Closed date : 2021-01-19 23:15:19.02 Case Invalid No information provided ,Work Hours-Loud Noise Complaints,Public Works Department,Highway Maintenance,Work Hours-Loud Noise Complaints,ISD_Administrative,ISD,,,113 Sumner St  East Boston  MA  02128,1,09,1,A7,East Boston,1,Ward 1,0103,113 Sumner St,2128.0,42.3696,-71.0419,Constituent Call
50457,101003655455,2021-03-03 12:18:15,2021-03-08 12:18:15,2021-03-03 12:21:38,ONTIME,Closed,Case Closed. Closed date : 2021-03-03 12:21:38.423 case invalid case invalid ,Work Hours-Loud Noise Complaints,Public Works Department,Highway Maintenance,Work Hours-Loud Noise Complaints,PWDx_Work Hours-Loud Noise Complaints,PWDx,,,127 Washington St  Brighton  MA  02135,11,04,9,D14,Allston / Brighton,15,Ward 21,2110,127 Washington St,2135.0,42.3452,-71.1449,Constituent Call
50561,101003592845,2021-01-19 00:54:00,2021-01-22 08:30:00,2021-01-22 17:08:35,OVERDUE,Closed,Case Closed. Closed date : 2021-01-22 17:08:35.18 Case Invalid No information provided ,Work Hours-Loud Noise Complaints,Public Works Department,Highway Maintenance,Work Hours-Loud Noise Complaints,ISD_Administrative,ISD,,,533 Commonwealth Ave  Boston  MA  02215,4,10A,8,D4,Boston,14,05,0510,533 Commonwealth Ave,2215.0,42.3492,-71.0966,Constituent Call
50926,101003594891,2021-01-20 14:38:00,,,ONTIME,Open, ,Generic Noise Disturbance,Mayor's 24 Hour Hotline,Generic Noise Disturbance,Undefined Noise Disturbance,INFO01_GenericeFormforOtherServiceRequestTypes,INFO,,,INTERSECTION of North St & John F. Fitzgerald Surface Rd  Boston  MA  ,3,1B,1,A1,Downtown / Financial District,3,3,0301,INTERSECTION North St & John F. Fitzgerald Surface Rd,,42.3594,-71.0587,Constituent Call
52208,101003613530,2021-01-30 22:03:00,2021-02-04 08:30:00,2021-02-02 08:00:09,ONTIME,Closed,Case Closed. Closed date : 2021-02-02 08:00:09.753 Case Resolved   Dear Constituent     National Grid responding to a gas leak on your street activated an emergency permit.    Emergency work must be performed no matter what time of day or night in the interest of public safety and the protection of private property.    The City apologizes for the inconvenience this necessary work caused.   ,Work Hours-Loud Noise Complaints,Public Works Department,Highway Maintenance,Work Hours-Loud Noise Complaints,PWDx_Work Hours-Loud Noise Complaints,PWDx,,,70 Shepton St  Dorchester  MA  02124,8,07,3,C11,Dorchester,7,Ward 16,1606,70 Shepton St,2124.0,42.2903,-71.0602,Constituent Call
52975,101003618503,2021-02-03 23:31:00,,2021-02-04 10:52:00,ONTIME,Closed,Case Closed. Closed date : 2021-02-04 10:52:00.657 Case Noted ,Generic Noise Disturbance,Mayor's 24 Hour Hotline,Generic Noise Disturbance,Undefined Noise Disturbance,INFO01_GenericeFormforOtherServiceRequestTypes,INFO,,,82 Rosewood St  Mattapan  MA  02126,8,08,4,E18,Greater Mattapan,9,Ward 18,1804,82 Rosewood St,2126.0,42.2668,-71.0991,Constituent Call
53414,101003683144,2021-03-21 03:14:00,2021-03-25 08:30:00,2021-03-22 08:12:23,ONTIME,Closed,Case Closed. Closed date : 2021-03-22 08:12:23.277 Case Noted Dear Constituent     This is a grade 1 NGRID gas leak they will work to completion.    Sorry for any inconvenience this may have caused you.    Regards   Rich DiMarzo ,Work Hours-Loud Noise Complaints,Public Works Department,Highway Maintenance,Work Hours-Loud Noise Complaints,PWDx_Work Hours-Loud Noise Complaints,PWDx,,,INTERSECTION of Irving St & Cambridge St  Boston  MA  ,3,1B,2,A1,Beacon Hill,3,3,0306,INTERSECTION Irving St & Cambridge St,,42.3594,-71.0587,Constituent Call
53785,101003623740,2021-02-09 09:20:00,,2021-03-25 12:05:06,ONTIME,Closed,Case Closed. Closed date : 2021-03-25 12:05:06.3 Case Resolved I contacted the business and the owner/manager informed me that they do not have a dumpster at that location.  The business has been closed for a long time.  Lugardy Raymond ,Dumpster & Loading Noise Disturbances,Neighborhood Services,Neighborhood Services Issues,Dumpster & Loading Noise Disturbances,INFO01_GenericeFormforOtherServiceRequestTypes,INFO,,,97 Condor St  East Boston  MA  02128,1,09,1,A7,East Boston,1,Ward 1,0108,97 Condor St,2128.0,42.3825,-71.0366,Constituent Call
54120,101003686962,2021-03-24 10:02:29,,2021-03-24 10:03:40,ONTIME,Closed,Case Closed. Closed date : 2021-03-24 10:03:40.537 Case Invalid Not enough information ,Automotive Noise Disturbance,Boston Police Department,Noise Disturbance,Automotive Noise Disturbance,INFO01_GenericeFormforOtherServiceRequestTypes,INFO,,,INTERSECTION of Garden St & Revere St  Boston  MA  ,3,1B,7,A1,Beacon Hill,14,5,0504,INTERSECTION Garden St & Revere St,,42.3594,-71.0587,Constituent Call
54240,101003687966,2021-03-25 07:23:57,2021-03-30 08:30:00,2021-03-25 07:28:37,ONTIME,Closed,Case Closed. Closed date : 2021-03-25 07:28:37.763 Duplicate of Existing Case Please see case 3687969 with the correct address 192 Comm Ave ,Work Hours-Loud Noise Complaints,Public Works Department,Highway Maintenance,Work Hours-Loud Noise Complaints,PWDx_Work Hours-Loud Noise Complaints,PWDx,,,1925 Commonwealth Ave  Brighton  MA  02135,11,04,9,D14,Brighton,15,21,2116,1925 Commonwealth Ave,2135.0,42.3594,-71.0587,Constituent Call
54241,101003687969,2021-03-25 07:25:00,2021-03-30 08:30:00,2021-03-25 10:45:25,ONTIME,Closed,Case Closed Case Noted  Work is allowed to start at 7am during the weekdays. The crew was working for the friends of the public garden.  ,Work Hours-Loud Noise Complaints,Public Works Department,Highway Maintenance,Work Hours-Loud Noise Complaints,PARK_Tree Maintenance Request,PARK,,,192 Commonwealth Ave  Boston  MA  02116,4,1C,8,D4,Back Bay,14,Ward 5,0507,192 Commonwealth Ave,2116.0,42.3509,-71.08,Constituent Call
54364,101003627480,2021-02-12 15:47:01,,2021-03-03 15:21:17,ONTIME,Closed,Case Closed. Closed date : 2021-03-03 15:21:17.397 Case Invalid This case has been closed as there is not enough information to process this request.  If you feel this has been closed in error  please dial 311 to submit a new request. Sincerely  Boston 311 Team ,Automotive Noise Disturbance,Boston Police Department,Noise Disturbance,Automotive Noise Disturbance,INFO01_GenericeFormforOtherServiceRequestTypes,INFO,,,10 Trescott St  Dorchester  MA  02125,7,03,3,C11,Dorchester,7,Ward 13,1306,10 Trescott St,2125.0,42.3156,-71.0605,Constituent Call
54365,101003627483,2021-02-12 15:47:00,,2021-02-15 11:49:54,ONTIME,Closed,Case Closed. Closed date : 2021-02-15 11:49:54.197 Case Resolved There's not much I can do with this complaint  but I will monitor the location to see if complaints continue. B Dunford  C-11 ,Generic Noise Disturbance,Mayor's 24 Hour Hotline,Generic Noise Disturbance,Undefined Noise Disturbance,INFO01_GenericeFormforOtherServiceRequestTypes,INFO,,,10 Trescott St  Dorchester  MA  02125,7,03,3,C11,Dorchester,7,Ward 13,1306,10 Trescott St,2125.0,42.3156,-71.0605,Constituent Call
54637,101003629100,2021-02-15 12:06:00,,,ONTIME,Open, ,Generic Noise Disturbance,Mayor's 24 Hour Hotline,Generic Noise Disturbance,Undefined Noise Disturbance,INFO01_GenericeFormforOtherServiceRequestTypes,INFO,,,INTERSECTION of London St & Maverick St  East Boston  MA  ,1,09,1,A7,East Boston,1,1,0104,INTERSECTION London St & Maverick St,,42.3594,-71.0587,Constituent Call
54861,101003630666,2021-02-16 23:50:00,,,ONTIME,Open, ,Automotive Noise Disturbance,Boston Police Department,Noise Disturbance,Automotive Noise Disturbance,INFO01_GenericeFormforOtherServiceRequestTypes,INFO,,,848 Huntington Ave  Mission Hill  MA  02120,9,10A,8,B2,Mission Hill,11,Ward 10,1008,848 Huntington Ave,2120.0,42.3329,-71.1101,Constituent Call
55167,101003642293,2021-02-18 12:16:00,,2021-02-23 12:21:26,ONTIME,Closed,Case Closed. Closed date : 2021-02-23 12:21:26.393 Case Noted I couldn't find any calls for that location since November 1st. Not sure how to resolve the issue with so little information as the address is a 6 unit building and the complainant wants to remain anonymous. E Roache  BPD ,Generic Noise Disturbance,Mayor's 24 Hour Hotline,Generic Noise Disturbance,Undefined Noise Disturbance,INFO01_GenericeFormforOtherServiceRequestTypes,INFO,,,3951-3953 Washington St  Roslindale  MA  02131,12,02,5,E5,Roslindale,10,Ward 19,1911,3951-3953 Washington St,2131.0,42.2939,-71.1206,Constituent Call
55270,101003643030,2021-02-19 09:26:00,,,ONTIME,Open, ,Generic Noise Disturbance,Mayor's 24 Hour Hotline,Generic Noise Disturbance,Undefined Noise Disturbance,INFO01_GenericeFormforOtherServiceRequestTypes,INFO,,,INTERSECTION of Traveler St & Harrison Ave  Roxbury  MA  ,4,1C,2,D4,South End,4,3,0308,INTERSECTION Traveler St & Harrison Ave,,42.3594,-71.0587,Constituent Call
55363,101003643720,2021-02-19 23:13:00,,2021-02-22 10:31:30,ONTIME,Closed,Case Closed. Closed date : 2021-02-22 10:31:30.527 Case Noted ,Generic Noise Disturbance,Mayor's 24 Hour Hotline,Generic Noise Disturbance,Undefined Noise Disturbance,INFO01_GenericeFormforOtherServiceRequestTypes,INFO,,,92 Alban St  Dorchester  MA  02124,8,07,4,C11,Dorchester,8,Ward 17,1709,92 Alban St,2124.0,42.2878,-71.067,Constituent Call
55364,101003643732,2021-02-20 00:12:00,,2021-02-22 10:30:24,ONTIME,Closed,Case Closed. Closed date : 2021-02-22 10:30:24.697 Case Noted closed as noted ,Generic Noise Disturbance,Mayor's 24 Hour Hotline,Generic Noise Disturbance,Undefined Noise Disturbance,INFO01_GenericeFormforOtherServiceRequestTypes,INFO,,,215 M St  South Boston  MA  02127,6,05,2,C6,South Boston / South Boston Waterfront,5,Ward 7,0701,215 M St,2127.0,42.3309,-71.0334,Constituent Call
55623,101003645147,2021-02-22 03:21:00,,,ONTIME,Open, ,Generic Noise Disturbance,Mayor's 24 Hour Hotline,Generic Noise Disturbance,Undefined Noise Disturbance,INFO01_GenericeFormforOtherServiceRequestTypes,INFO,,,728 E Broadway   South Boston  MA  02127,6,05,2,C6,South Boston,5,06,0605,728 E Broadway ,2127.0,42.3358,-71.0363,Constituent Call
55738,101003645879,2021-02-22 13:46:00,2021-02-25 13:46:01,,OVERDUE,Open, ,Work Hours-Loud Noise Complaints,Public Works Department,Highway Maintenance,Work Hours-Loud Noise Complaints,BWSC_All Cases,BWSC,,,44 Prince St  Boston  MA  02113,3,1B,1,A1,Downtown / Financial District,3,Ward 3,0303,44 Prince St,2113.0,42.3646,-71.0549,Constituent Call
55883,101003646711,2021-02-23 10:27:58,,2021-02-23 10:30:03,ONTIME,Closed,Case Closed. Closed date : 2021-02-23 10:30:03.973 Case Invalid ,Generic Noise Disturbance,Mayor's 24 Hour Hotline,Generic Noise Disturbance,Undefined Noise Disturbance,INFO01_GenericeFormforOtherServiceRequestTypes,INFO,,,5 Garden Court St  Boston  MA  02113,3,1B,1,A1,Downtown / Financial District,3,Ward 3,0303,5 Garden Court St,2113.0,42.3644,-71.0534,Constituent Call
56423,101003650030,2021-02-26 04:26:00,2021-03-03 08:30:00,2021-03-03 10:01:13,OVERDUE,Closed,Case Closed. Closed date : 2021-03-03 10:01:13.673 Duplicate of Existing Case inspection requested  ,Work Hours-Loud Noise Complaints,Public Works Department,Highway Maintenance,Work Hours-Loud Noise Complaints,ISD_Administrative,ISD,,,12 Hemenway St  Boston  MA  02115,4,10A,8,D4,Back Bay,14,Ward 4,0406,12 Hemenway St,2115.0,42.3464,-71.089,Constituent Call
57070,101003706003,2021-04-09 23:24:00,2021-04-15 08:30:00,2021-04-14 11:48:35,ONTIME,Closed,Case Closed. Closed date : 2021-04-14 11:48:35.55 Duplicate of Existing Case duplicate inspection request # 101003710721 ,Work Hours-Loud Noise Complaints,Public Works Department,Highway Maintenance,Work Hours-Loud Noise Complaints,ISD_Administrative,ISD,,,448 Park Dr  Boston  MA  02215,4,10A,8,D4,Fenway / Kenmore / Audubon Circle / Longwood,14,Ward 21,2101,448 Park Dr,2215.0,42.3453,-71.1048,Constituent Call
57162,101003654150,2021-03-02 11:52:00,,,ONTIME,Open, ,Automotive Noise Disturbance,Boston Police Department,Noise Disturbance,Automotive Noise Disturbance,INFO01_GenericeFormforOtherServiceRequestTypes,INFO,,,55 Copeland St  Roxbury  MA  02119,7,10B,7,B2,Roxbury,13,Ward 12,1204,55 Copeland St,2119.0,42.3228,-71.0796,Constituent Call
57270,101003707515,2021-04-12 06:29:00,2021-04-15 08:30:00,,OVERDUE,Open, ,Work Hours-Loud Noise Complaints,Public Works Department,Highway Maintenance,Work Hours-Loud Noise Complaints,INFO_MBTA,INFO,,,INTERSECTION of Industrial Dr & Sprague St  Hyde Park  MA  ,12,08,5,E18,Hyde Park,10,18,1820,INTERSECTION Industrial Dr & Sprague St,,42.3594,-71.0587,Constituent Call
57486,101003656158,2021-03-04 03:13:00,,,ONTIME,Open, ,Automotive Noise Disturbance,Boston Police Department,Noise Disturbance,Automotive Noise Disturbance,INFO01_GenericeFormforOtherServiceRequestTypes,INFO,,,INTERSECTION of Mount Vernon Pl & Joy St  Boston  MA  ,3,1B,7,A1,Downtown / Financial District,14,5,0503,INTERSECTION Mount Vernon Pl & Joy St,,42.3594,-71.0587,Constituent Call
57910,101003711553,2021-04-14 22:05:00,2021-04-21 08:30:00,2021-04-15 07:45:00,ONTIME,Closed,Case Closed. Closed date : 2021-04-15 07:45:00.51 Case Noted Dear Constituent     This is a night permit and this is a 300' duct bank replacement.    Should be done in a few weeks.    Sorry for any inconvenience this may have caused you.    I will have my inspector reach out to supervisor to see if there is anything they can do to bring the noise level down.    Regards   Rich DiMarzo ,Work Hours-Loud Noise Complaints,Public Works Department,Highway Maintenance,Work Hours-Loud Noise Complaints,PWDx_Work Hours-Loud Noise Complaints,PWDx,,,390 Stuart St  Boston  MA  02116,4,1C,2,D4,Back Bay,6,04,0402,390 Stuart St,2116.0,42.3488,-71.0735,Constituent Call
58257,101003660820,2021-03-09 06:23:00,2021-03-12 08:30:00,2021-03-19 10:23:55,OVERDUE,Closed,Case Closed. Closed date : 2021-03-19 10:23:55.19 Case Invalid No information provided ,Work Hours-Loud Noise Complaints,Public Works Department,Highway Maintenance,Work Hours-Loud Noise Complaints,ISD_Administrative,ISD,,,1270A-1270 Boylston St  Boston  MA  02215,4,10A,8,D4,Fenway / Kenmore / Audubon Circle / Longwood,14,Ward 5,0502,1270A-1270 Boylston St,2215.0,42.3447,-71.0963,Constituent Call
58602,101003715772,2021-04-19 15:42:00,2021-04-23 08:30:00,,ONTIME,Open, ,Work Hours-Loud Noise Complaints,Public Works Department,Highway Maintenance,Work Hours-Loud Noise Complaints,PWDx_Work Hours-Loud Noise Complaints,PWDx,,,1012-1016 Bennington St  East Boston  MA  02128,1,09,1,A7,East Boston,1,Ward 1,0113,1012-1016 Bennington St,2128.0,42.3871,-71.0063,Constituent Call
58989,101003667171,2021-03-15 03:44:00,,,ONTIME,Open, ,Automotive Noise Disturbance,Boston Police Department,Noise Disturbance,Automotive Noise Disturbance,INFO01_GenericeFormforOtherServiceRequestTypes,INFO,,,10 Vesta Rd  Dorchester  MA  02124,7,03,4,B3,Greater Mattapan,9,Ward 14,1409,10 Vesta Rd,2124.0,42.2965,-71.0866,Constituent Call
59018,101003667508,2021-03-15 10:49:00,2021-03-18 10:49:29,2021-03-16 14:54:12,ONTIME,Closed,Case Closed. Closed date : 2021-03-16 14:54:12.607 Case Invalid Not enough info for a case ,Work Hours-Loud Noise Complaints,Public Works Department,Highway Maintenance,Work Hours-Loud Noise Complaints,ISD_Administrative,ISD,,,473 Massachusetts Ave  Roxbury  MA  02118,9,10B,7,D4,Roxbury,13,Ward 9,0903,473 Massachusetts Ave,2118.0,42.3397,-71.0811,Constituent Call
60362,101003693456,2021-03-30 12:54:00,,,ONTIME,Open, ,Dumpster & Loading Noise Disturbances,Neighborhood Services,Neighborhood Services Issues,Dumpster & Loading Noise Disturbances,INFO01_GenericeFormforOtherServiceRequestTypes,INFO,,,INTERSECTION of Public Alley No. 434 & Public Alley No. 435  Boston  MA  ,4,1C,7,D4,Back Bay,14,5,0507,INTERSECTION Public Alley No. 434 & Public Alley No. 435,,42.3594,-71.0587,Constituent Call
60726,101003697959,2021-04-03 04:02:00,2021-04-08 08:30:00,,OVERDUE,Open, ,Work Hours-Loud Noise Complaints,Public Works Department,Highway Maintenance,Work Hours-Loud Noise Complaints,INFO_General Comments Complaints Compliments,INFO,,,INTERSECTION of Middleton St & Wildwood St  Dorchester  MA  ,8,07,5,B3,Greater Mattapan,9,14,1413,INTERSECTION Middleton St & Wildwood St,,42.3594,-71.0587,Constituent Call
60926,101003700284,2021-04-05 21:35:00,2021-04-09 08:30:00,2021-04-06 07:31:39,ONTIME,Closed,Case Closed. Closed date : 2021-04-06 07:31:39.46 Case Noted Dear Constituent     This is Eversource on an emergency power outage.    Eversource will work till completion to restore there power to there customers.    Sorry for any inconvenience this may have caused you.    Regards.  Rich DiMarzo ,Work Hours-Loud Noise Complaints,Public Works Department,Highway Maintenance,Work Hours-Loud Noise Complaints,PWDx_Work Hours-Loud Noise Complaints,PWDx,,,400 Stuart St  Boston  MA  02116,4,1C,2,D4,Back Bay,6,04,0402,400 Stuart St,2116.0,42.3489,-71.0737,Constituent Call
60985,101003700828,2021-04-06 10:49:00,2021-04-09 10:49:06,2021-04-09 13:24:34,OVERDUE,Closed,Case Closed. Closed date : 2021-04-09 13:24:34.637 Not enough Information ,Work Hours-Loud Noise Complaints,Public Works Department,Highway Maintenance,Work Hours-Loud Noise Complaints,ISD_Administrative,ISD,,,INTERSECTION of Milton St & W Milton St  Hyde Park  MA  ,12,08,5,E18,Hyde Park,10,18,1820,INTERSECTION Milton St & W Milton St,,42.3594,-71.0587,Constituent Call
61059,101003701828,2021-04-06 23:02:00,2021-04-12 08:30:00,2021-04-07 07:26:57,ONTIME,Closed,Case Closed. Closed date : 2021-04-07 07:26:57.883 Case Noted Dear Constituent     This is /was an Eversource emergency.    Eversource will work till completion to restore power to its customers.    Sorry for any inconvioence this may have caused you.    I'll have my inspector drive by today.    Regards   Rich DiMarzo ,Work Hours-Loud Noise Complaints,Public Works Department,Highway Maintenance,Work Hours-Loud Noise Complaints,PWDx_Work Hours-Loud Noise Complaints,PWDx,,,390 Stuart St  Boston  MA  02116,4,1C,2,D4,Back Bay,6,04,0402,390 Stuart St,2116.0,42.3488,-71.0735,Constituent Call
61060,101003701838,2021-04-06 23:10:00,,,ONTIME,Open, ,Automotive Noise Disturbance,Boston Police Department,Noise Disturbance,Automotive Noise Disturbance,INFO01_GenericeFormforOtherServiceRequestTypes,INFO,,,113 Sumner St  East Boston  MA  02128,1,09,1,A7,East Boston,1,Ward 1,0103,113 Sumner St,2128.0,42.3696,-71.0419,Constituent Call
61169,101003703353,2021-04-08 07:01:27,,2021-04-08 10:21:07,ONTIME,Closed,Case Closed. Closed date : 2021-04-08 10:21:07.113 Case Resolved Itâ€™s a licensed business working in a Industrial Park.  Federal law requires back up signals and they cannot be turned off. No contact info.  D Keane  BPD ,Automotive Noise Disturbance,Boston Police Department,Noise Disturbance,Automotive Noise Disturbance,INFO01_GenericeFormforOtherServiceRequestTypes,INFO,,,98 Sprague St  Hyde Park  MA  02136,12,08,5,E18,Hyde Park,10,Ward 18,1820,98 Sprague St,2136.0,42.2338,-71.1388,Constituent Call
61742,101003710173,2021-04-13 23:24:00,2021-04-20 08:30:00,2021-04-14 07:45:36,ONTIME,Closed,Case Closed. Closed date : 2021-04-14 07:45:36.823 Case Noted Dear Constituent     This is an Eversource/ G.Green night permit to replace damaged cables.    Sorry for any inconvioence this may have caused you.    Regards   Rich DiMarzo ,Work Hours-Loud Noise Complaints,Public Works Department,Highway Maintenance,Work Hours-Loud Noise Complaints,PWDx_Work Hours-Loud Noise Complaints,PWDx,,,390 Stuart St  Boston  MA  02116,4,1C,2,D4,Back Bay,6,04,0402,390 Stuart St,2116.0,42.3488,-71.0735,Constituent Call
62256,101003703219,2021-04-07 20:21:00,,,ONTIME,Open, ,Automotive Noise Disturbance,Boston Police Department,Noise Disturbance,Automotive Noise Disturbance,INFO01_GenericeFormforOtherServiceRequestTypes,INFO,,,INTERSECTION of Northampton St & Tremont St  Roxbury  MA  ,4,10B,9,D4,Roxbury,13,9,0903,INTERSECTION Northampton St & Tremont St,,42.3594,-71.0587,Constituent Call
62258,101003704721,2021-04-09 06:44:00,2021-04-14 08:30:00,,OVERDUE,Open, ,Work Hours-Loud Noise Complaints,Public Works Department,Highway Maintenance,Work Hours-Loud Noise Complaints,ISD_Administrative,ISD,,,INTERSECTION of Heathcote St & Hawthorne St  Roslindale  MA  ,12,06,5,E5,Roslindale,10,19,1910,INTERSECTION Heathcote St & Hawthorne St,,42.3594,-71.0587,Constituent Call
65318,101003624466,2021-02-09 23:51:00,2021-02-16 08:30:00,2021-02-17 22:14:46,OVERDUE,Closed,Case Closed. Closed date : 2021-02-17 22:14:46.267 Duplicate of Existing Case Inspection requested _ 101003641691 ,Work Hours-Loud Noise Complaints,Public Works Department,Highway Maintenance,Work Hours-Loud Noise Complaints,ISD_Administrative,ISD,,,100 Fulton St  Boston  MA  02109,3,1B,1,A1,Downtown / Financial District,3,Ward 3,0301,100 Fulton St,2109.0,42.3628,-71.0529,Constituent Call
66356,101003647556,2021-02-23 22:50:00,,,ONTIME,Open, ,Automotive Noise Disturbance,Boston Police Department,Noise Disturbance,Automotive Noise Disturbance,INFO01_GenericeFormforOtherServiceRequestTypes,INFO,,,215 W Springfield St  Roxbury  MA  02118,4,1C,7,D4,South End,6,Ward 4,0404,215 W Springfield St,2118.0,42.3407,-71.0803,Constituent Call
66465,101003648824,2021-02-24 21:41:00,2021-03-02 08:30:00,2021-03-01 10:49:13,ONTIME,Closed,Case Closed. Closed date : 2021-03-01 10:49:13.04 Case Invalid No information provided ,Work Hours-Loud Noise Complaints,Public Works Department,Highway Maintenance,Work Hours-Loud Noise Complaints,ISD_Administrative,ISD,,,1130 Commonwealth Ave  Allston  MA  02134,,04,9,D14,Allston / Brighton,14,Ward 21,2103,1130 Commonwealth Ave,2134.0,42.3506,-71.126,Constituent Call
66558,101003650001,2021-02-25 23:07:00,2021-03-03 08:30:00,2021-02-26 08:24:15,ONTIME,Closed,Case Closed. Closed date : 2021-02-26 08:24:15.053 Case Resolved Eversource Electric activated an emergency permit at this location    We apologize for the inconvenience this job may have caused   ,Work Hours-Loud Noise Complaints,Public Works Department,Highway Maintenance,Work Hours-Loud Noise Complaints,PWDx_Work Hours-Loud Noise Complaints,PWDx,,,39 Dalton St  Boston  MA  02199,4,1C,2,D4,Back Bay,6,Ward 4,0402,39 Dalton St,2199.0,42.3466,-71.0838,Constituent Call
68928,101003689194,2021-03-26 05:52:00,2021-03-31 08:30:00,,OVERDUE,Open, ,Work Hours-Loud Noise Complaints,Public Works Department,Highway Maintenance,Work Hours-Loud Noise Complaints,INFO_MBTA,INFO,,,INTERSECTION of Anthony Rip Valenti Way & Canal St  Boston  MA  ,3,1B,2,A1,Downtown / Financial District,3,3,0306,INTERSECTION Anthony Rip Valenti Way & Canal St,,42.3594,-71.0587,Constituent Call
69197,101003692653,2021-03-29 18:56:00,,,ONTIME,Open, ,Automotive Noise Disturbance,Boston Police Department,Noise Disturbance,Automotive Noise Disturbance,INFO01_GenericeFormforOtherServiceRequestTypes,INFO,,,472 Talbot Ave  Dorchester  MA  02124,8,07,3,C11,Dorchester,8,Ward 16,1603,472 Talbot Ave,2124.0,42.2889,-71.0663,Constituent Call
69432,101003695652,2021-04-01 07:35:00,,,ONTIME,Open, ,Automotive Noise Disturbance,Boston Police Department,Noise Disturbance,Automotive Noise Disturbance,INFO01_GenericeFormforOtherServiceRequestTypes,INFO,,,27 A Mayfield St  Dorchester  MA  02125,7,03,3,C11,Dorchester,7,Ward 13,1308,27 A Mayfield St,2125.0,42.3167,-71.058,Constituent Call
69835,101003700662,2021-04-06 09:33:00,,,ONTIME,Open, ,Generic Noise Disturbance,Mayor's 24 Hour Hotline,Generic Noise Disturbance,Undefined Noise Disturbance,INFO01_GenericeFormforOtherServiceRequestTypes,INFO,,,1 Everett St  East Boston  MA  02128,1,09,1,A7,East Boston,1,Ward 1,0103,1 Everett St,2128.0,42.3686,-71.0374,Constituent Call
70636,101003710296,2021-04-14 07:55:00,,2021-04-14 10:28:55,ONTIME,Closed,Case Closed. Closed date : 2021-04-14 10:28:55.73 Case Resolved Thank you. We will look into this further  Tim Golden  BPD ,Automotive Noise Disturbance,Boston Police Department,Noise Disturbance,Automotive Noise Disturbance,INFO01_GenericeFormforOtherServiceRequestTypes,INFO,,,22 Speedwell St  Dorchester  MA  02122,7,03,3,C11,Dorchester,8,Ward 15,1507,22 Speedwell St,2122.0,42.3042,-71.0675,Constituent Call
